-- phpMyAdmin SQL Dump
-- version 4.9.1
-- https://www.phpmyadmin.net/
--
-- ホスト: 127.0.0.1
-- 生成日時: 
-- サーバのバージョン： 10.4.8-MariaDB
-- PHP のバージョン: 7.2.24

SET SQL_MODE = "NO_AUTO_VALUE_ON_ZERO";
SET AUTOCOMMIT = 0;
START TRANSACTION;
SET time_zone = "+00:00";


/*!40101 SET @OLD_CHARACTER_SET_CLIENT=@@CHARACTER_SET_CLIENT */;
/*!40101 SET @OLD_CHARACTER_SET_RESULTS=@@CHARACTER_SET_RESULTS */;
/*!40101 SET @OLD_COLLATION_CONNECTION=@@COLLATION_CONNECTION */;
/*!40101 SET NAMES utf8mb4 */;

--
-- データベース: `eapi`
--

-- --------------------------------------------------------

--
-- テーブルの構造 `failed_jobs`
--

CREATE TABLE `failed_jobs` (
  `id` bigint(20) UNSIGNED NOT NULL,
  `connection` text COLLATE utf8mb4_unicode_ci NOT NULL,
  `queue` text COLLATE utf8mb4_unicode_ci NOT NULL,
  `payload` longtext COLLATE utf8mb4_unicode_ci NOT NULL,
  `exception` longtext COLLATE utf8mb4_unicode_ci NOT NULL,
  `failed_at` timestamp NOT NULL DEFAULT current_timestamp()
) ENGINE=InnoDB DEFAULT CHARSET=utf8mb4 COLLATE=utf8mb4_unicode_ci;

-- --------------------------------------------------------

--
-- テーブルの構造 `migrations`
--

CREATE TABLE `migrations` (
  `id` int(10) UNSIGNED NOT NULL,
  `migration` varchar(255) COLLATE utf8mb4_unicode_ci NOT NULL,
  `batch` int(11) NOT NULL
) ENGINE=InnoDB DEFAULT CHARSET=utf8mb4 COLLATE=utf8mb4_unicode_ci;

--
-- テーブルのデータのダンプ `migrations`
--

INSERT INTO `migrations` (`id`, `migration`, `batch`) VALUES
(1, '2014_10_12_000000_create_users_table', 1),
(2, '2014_10_12_100000_create_password_resets_table', 1),
(3, '2019_08_19_000000_create_failed_jobs_table', 1),
(4, '2022_04_16_083415_create_products_table', 1);

-- --------------------------------------------------------

--
-- テーブルの構造 `password_resets`
--

CREATE TABLE `password_resets` (
  `email` varchar(255) COLLATE utf8mb4_unicode_ci NOT NULL,
  `token` varchar(255) COLLATE utf8mb4_unicode_ci NOT NULL,
  `created_at` timestamp NULL DEFAULT NULL
) ENGINE=InnoDB DEFAULT CHARSET=utf8mb4 COLLATE=utf8mb4_unicode_ci;

-- --------------------------------------------------------

--
-- テーブルの構造 `products`
--

CREATE TABLE `products` (
  `id` bigint(20) UNSIGNED NOT NULL,
  `name` varchar(255) COLLATE utf8mb4_unicode_ci NOT NULL,
  `detail` text COLLATE utf8mb4_unicode_ci NOT NULL,
  `price` int(11) NOT NULL,
  `stock` int(11) NOT NULL,
  `discount` int(11) NOT NULL,
  `created_at` timestamp NULL DEFAULT NULL,
  `updated_at` timestamp NULL DEFAULT NULL
) ENGINE=InnoDB DEFAULT CHARSET=utf8mb4 COLLATE=utf8mb4_unicode_ci;

--
-- テーブルのデータのダンプ `products`
--

INSERT INTO `products` (`id`, `name`, `detail`, `price`, `stock`, `discount`, `created_at`, `updated_at`) VALUES
(1, 'laudantium', 'Ipsum alias ut est minus unde impedit. Qui ut repellat qui ullam magni voluptatibus. Autem quo laudantium adipisci aspernatur. Qui placeat nihil placeat omnis.', 682, 4, 15, '2022-04-16 22:11:10', '2022-04-16 22:11:10'),
(2, 'sed', 'Reiciendis saepe placeat sit omnis. Molestiae incidunt voluptatem quia sunt molestias quas voluptates. Similique id quia consequatur architecto quae ab. Quia est autem laboriosam autem ratione animi animi odit.', 230, 5, 21, '2022-04-16 22:11:10', '2022-04-16 22:11:10'),
(3, 'eum', 'Cumque officia voluptates perspiciatis minima sapiente aut qui. Esse cum sed dolor esse. Et at corporis quia illo expedita dolorum. Sunt officia dolores eos velit doloribus ea odit.', 538, 0, 3, '2022-04-16 22:11:10', '2022-04-16 22:11:10'),
(4, 'et', 'Voluptates quo cum non qui quos ipsam tenetur sit. Sint laborum nemo magni laboriosam voluptatibus.', 123, 2, 14, '2022-04-16 22:11:10', '2022-04-16 22:11:10'),
(5, 'animi', 'Sint et non quas dolores dolores. Alias qui et et nemo. Eos ut delectus sapiente consequatur tempore omnis. Perspiciatis reiciendis consectetur aut earum consequatur rem molestiae.', 463, 7, 19, '2022-04-16 22:11:10', '2022-04-16 22:11:10'),
(6, 'est', 'Dolore velit voluptas soluta fuga sunt est voluptatem. Quasi aliquam beatae eum dolores. Rerum tenetur quidem cumque ut. Velit laboriosam aut sit omnis corrupti.', 741, 5, 12, '2022-04-16 22:11:10', '2022-04-16 22:11:10'),
(7, 'a', 'Quasi ducimus molestiae culpa dolor et est. Minima temporibus voluptates et optio. Veritatis rerum quis omnis.', 166, 1, 16, '2022-04-16 22:11:10', '2022-04-16 22:11:10'),
(8, 'sunt', 'Voluptas similique iusto cumque adipisci assumenda saepe fugit. Aliquam molestias eos quidem quam consequatur sequi voluptate. Eum nihil aut doloremque rerum.', 138, 9, 20, '2022-04-16 22:11:10', '2022-04-16 22:11:10'),
(9, 'vitae', 'Eaque incidunt voluptatem a ab quia. Reprehenderit sint beatae laboriosam quidem molestiae nulla. Adipisci cupiditate nisi recusandae. Culpa tempore architecto dolores accusamus maxime.', 984, 5, 29, '2022-04-16 22:11:10', '2022-04-16 22:11:10'),
(10, 'cupiditate', 'Tenetur a eos dolorem. Praesentium et quam ea cumque eum. Quis ut rerum mollitia sed ea.', 389, 2, 15, '2022-04-16 22:11:10', '2022-04-16 22:11:10'),
(11, 'perferendis', 'Corporis eligendi aut expedita qui. Ut dolorem consequatur voluptates laborum et velit id necessitatibus. Totam sunt voluptate quod sunt sed repudiandae voluptate.', 644, 6, 14, '2022-04-16 22:11:10', '2022-04-16 22:11:10'),
(12, 'quaerat', 'Voluptatem cum sint voluptatem aliquam. Perspiciatis blanditiis ex qui animi aut repudiandae est.', 407, 1, 30, '2022-04-16 22:11:10', '2022-04-16 22:11:10'),
(13, 'qui', 'Iure ad officia in natus et sed voluptatem corrupti. Sed omnis itaque voluptatem ducimus consectetur eius amet. Ipsum soluta fugiat soluta qui alias reprehenderit qui. Est ab dicta natus enim nisi voluptas. Delectus ullam consectetur ex labore beatae vel optio.', 919, 7, 15, '2022-04-16 22:11:10', '2022-04-16 22:11:10'),
(14, 'ratione', 'Est ut est consequuntur minima odio quia rem. Quaerat dolorem dolor impedit. Ipsam vitae nobis aut vel praesentium quos incidunt molestiae.', 609, 1, 5, '2022-04-16 22:11:10', '2022-04-16 22:11:10'),
(15, 'incidunt', 'Enim nihil facilis totam accusamus et dignissimos consequatur. Est placeat maxime sit ipsum. Distinctio voluptatem omnis aut. Beatae voluptatem vel iure voluptas ut quia molestias officiis. Et quia occaecati modi esse ipsam.', 322, 6, 3, '2022-04-16 22:11:10', '2022-04-16 22:11:10'),
(16, 'quia', 'Aut quo enim a deserunt et illo iusto. Neque maxime nemo temporibus dolores magnam eum.', 186, 8, 28, '2022-04-16 22:11:10', '2022-04-16 22:11:10'),
(17, 'dolores', 'Ut rerum rerum expedita distinctio. Explicabo nihil doloremque repellendus debitis mollitia quia similique. Cumque nihil iste eveniet debitis et voluptatem quam necessitatibus.', 680, 8, 18, '2022-04-16 22:11:10', '2022-04-16 22:11:10'),
(18, 'repellat', 'Vero qui et possimus ipsam. Deserunt in facere et iure voluptatem reiciendis. Et voluptatibus debitis mollitia possimus nobis. Non ut expedita aperiam aut.', 354, 5, 26, '2022-04-16 22:11:10', '2022-04-16 22:11:10'),
(19, 'officia', 'Quidem et cum sed nam blanditiis. Quia nulla rerum commodi minus ratione voluptatibus itaque. Voluptatum dolore accusantium qui nulla ut nostrum nostrum.', 406, 7, 15, '2022-04-16 22:11:10', '2022-04-16 22:11:10'),
(20, 'enim', 'Architecto omnis sit incidunt error minima. Quia praesentium labore architecto corrupti et et tenetur molestiae. Enim ut sunt exercitationem adipisci facere voluptatem.', 845, 0, 21, '2022-04-16 22:11:10', '2022-04-16 22:11:10'),
(21, 'non', 'Occaecati dolores dolores vel rerum vel. Natus sed eum repudiandae voluptas cupiditate. Temporibus labore optio autem tenetur accusamus et quasi. Voluptatem mollitia omnis sint quas maiores esse non.', 106, 4, 23, '2022-04-16 22:11:10', '2022-04-16 22:11:10'),
(22, 'ipsa', 'Magnam quo sed eius facere enim ut. Eligendi dignissimos excepturi quia sed. Quia reprehenderit ut ipsam modi quibusdam at natus.', 761, 8, 26, '2022-04-16 22:11:10', '2022-04-16 22:11:10'),
(23, 'eum', 'Nulla modi consequatur eos. Ab nihil rem et earum dolorem excepturi. Eius quam distinctio recusandae delectus nisi aliquid.', 760, 1, 23, '2022-04-16 22:11:10', '2022-04-16 22:11:10'),
(24, 'ullam', 'Enim fugiat consequatur nostrum libero omnis alias. Reiciendis nemo quaerat et dolores quas officia molestiae at. Enim consectetur similique voluptatem dolore. Rem vitae non error doloremque nemo vel porro.', 173, 4, 7, '2022-04-16 22:11:10', '2022-04-16 22:11:10'),
(25, 'sequi', 'Tenetur magni laborum et amet. Laudantium doloribus aut ex animi ut accusamus consectetur deserunt. Libero sunt et velit explicabo praesentium officia qui.', 791, 0, 26, '2022-04-16 22:11:10', '2022-04-16 22:11:10'),
(26, 'est', 'Mollitia consequatur autem consequatur consequatur dolorem placeat. Eligendi eum nisi ab cumque. Minima delectus reiciendis commodi fuga est eos sapiente. Provident qui minus eos ut.', 726, 3, 6, '2022-04-16 22:11:10', '2022-04-16 22:11:10'),
(27, 'assumenda', 'Minus et impedit repellendus maiores fugiat voluptas. Adipisci aspernatur voluptate non doloremque illum sit voluptatum. Laborum voluptas delectus quidem laudantium voluptate necessitatibus consequatur. Aut totam voluptate mollitia et enim ut libero.', 909, 5, 6, '2022-04-16 22:11:10', '2022-04-16 22:11:10'),
(28, 'nulla', 'Ratione vero ut expedita. Amet quia eos aut ad facilis. Commodi modi qui velit est deleniti tempore. Optio inventore magnam sint eaque dignissimos.', 860, 9, 20, '2022-04-16 22:11:10', '2022-04-16 22:11:10'),
(29, 'laboriosam', 'Nam libero alias aut est pariatur architecto voluptatem. Aut fugit quae tenetur perspiciatis magnam sint. Hic dolorem necessitatibus soluta nulla repellat et est.', 705, 3, 23, '2022-04-16 22:11:10', '2022-04-16 22:11:10'),
(30, 'aspernatur', 'Et aut doloremque dolores et veniam aut aliquid. Ad sint mollitia ut illo nulla quia. Beatae at dolore similique a perferendis dolorem voluptatem.', 118, 8, 22, '2022-04-16 22:11:10', '2022-04-16 22:11:10'),
(31, 'quam', 'Facilis in quidem et quia placeat est. Enim et molestiae quam minus quibusdam labore. Repellendus et illo et et fugit animi. Consectetur omnis mollitia asperiores praesentium non dolores.', 448, 4, 22, '2022-04-16 22:11:10', '2022-04-16 22:11:10'),
(32, 'eos', 'Aut exercitationem qui recusandae qui. Sit tempore ut voluptatem hic sit enim. Quis porro cupiditate dolorem architecto vel labore.', 816, 1, 8, '2022-04-16 22:11:10', '2022-04-16 22:11:10'),
(33, 'ullam', 'Voluptas similique voluptatem non et voluptatem nihil quod. Pariatur nobis beatae minus veniam fuga ratione voluptas molestiae. Dicta aspernatur nesciunt aut corporis.', 221, 4, 23, '2022-04-16 22:11:10', '2022-04-16 22:11:10'),
(34, 'dolores', 'Ipsum maxime culpa explicabo perferendis blanditiis. Quidem a recusandae ex sint incidunt labore omnis. Eius et rerum omnis blanditiis dolorem. Praesentium optio est perferendis et voluptatibus.', 644, 6, 30, '2022-04-16 22:11:10', '2022-04-16 22:11:10'),
(35, 'repudiandae', 'Cupiditate qui non tempore rerum. Consequatur nemo dolores sunt ut perspiciatis neque voluptas. Cumque quis eaque soluta rerum dolor.', 647, 5, 15, '2022-04-16 22:11:10', '2022-04-16 22:11:10'),
(36, 'sint', 'Soluta ad accusamus pariatur natus eaque ducimus est. Nihil debitis odit a dignissimos minima consequatur. Occaecati dolorem iste ratione minima vitae dolores omnis.', 977, 8, 26, '2022-04-16 22:11:10', '2022-04-16 22:11:10'),
(37, 'inventore', 'Quis eius saepe libero illo necessitatibus quis. Praesentium delectus et ratione alias quaerat. Eaque impedit et in modi quae.', 654, 5, 30, '2022-04-16 22:11:10', '2022-04-16 22:11:10'),
(38, 'neque', 'Cumque quae dolor cum exercitationem sunt molestiae hic. Repudiandae aut quia laborum dolorem ea. Ut placeat voluptatum placeat maiores voluptate maxime. Cum cum vel et quia omnis nobis tempora.', 946, 1, 15, '2022-04-16 22:11:10', '2022-04-16 22:11:10'),
(39, 'animi', 'Quibusdam et ipsa est aliquid excepturi ad. Sed optio ab velit. Nobis iusto molestiae minus neque necessitatibus. Consequatur nostrum maxime labore sint.', 899, 3, 22, '2022-04-16 22:11:10', '2022-04-16 22:11:10'),
(40, 'ut', 'Voluptatem quae vero et id autem ducimus. Totam qui nulla temporibus dignissimos. Est sit ad modi mollitia natus.', 957, 5, 20, '2022-04-16 22:11:10', '2022-04-16 22:11:10'),
(41, 'perspiciatis', 'Sit autem error et harum. Quaerat aliquid aut voluptatibus ratione. Eos exercitationem fugiat quae natus et similique. Molestiae consectetur ad eveniet voluptates animi voluptate magnam suscipit.', 320, 8, 30, '2022-04-16 22:11:10', '2022-04-16 22:11:10'),
(42, 'libero', 'Exercitationem eum veritatis placeat hic ipsa doloremque ducimus. Ut quasi eligendi consequuntur accusamus asperiores possimus doloremque. Doloremque voluptatem impedit non quos nostrum delectus. Eum ullam quis aut commodi.', 403, 7, 5, '2022-04-16 22:11:10', '2022-04-16 22:11:10'),
(43, 'dolor', 'Ullam earum rem alias. Iste molestiae molestias sequi et. Blanditiis vel sint qui sapiente vel.', 113, 2, 8, '2022-04-16 22:11:10', '2022-04-16 22:11:10'),
(44, 'rerum', 'Omnis consequuntur aut nemo cumque labore libero. Voluptas aliquid et minima placeat dolor. Numquam modi sequi impedit doloremque placeat.', 737, 2, 14, '2022-04-16 22:11:10', '2022-04-16 22:11:10'),
(45, 'repellendus', 'Distinctio quis accusantium excepturi pariatur. Ea modi corporis autem deserunt animi itaque enim aut. Deleniti commodi dolore laborum illo ut.', 760, 0, 6, '2022-04-16 22:11:10', '2022-04-16 22:11:10'),
(46, 'et', 'Consequuntur rerum voluptas neque accusamus et aut. Rerum ea et laudantium nam doloremque fugiat.', 501, 3, 6, '2022-04-16 22:11:10', '2022-04-16 22:11:10'),
(47, 'voluptas', 'Qui qui facilis et eos laborum sunt. Fugit consectetur neque molestiae non molestias. Ut perferendis et accusantium blanditiis.', 420, 2, 6, '2022-04-16 22:11:10', '2022-04-16 22:11:10'),
(48, 'eos', 'Vitae sunt voluptas id ea exercitationem dolor. Et voluptatem eos similique exercitationem vitae et facere. Temporibus est sed mollitia et. Officiis qui tenetur quia facere at repellat. Ut animi qui ducimus est ut.', 667, 2, 24, '2022-04-16 22:11:10', '2022-04-16 22:11:10'),
(49, 'eius', 'Natus qui magni accusamus assumenda. Libero aperiam saepe modi quia voluptatem. Veritatis quisquam voluptatem earum eaque laborum voluptates eaque. Qui repellendus pariatur aliquam atque autem.', 625, 9, 14, '2022-04-16 22:11:10', '2022-04-16 22:11:10'),
(50, 'nisi', 'Fuga voluptatem incidunt fugiat perferendis earum sapiente. Ut quia adipisci libero. Illum rerum expedita magni.', 124, 0, 5, '2022-04-16 22:11:10', '2022-04-16 22:11:10');

-- --------------------------------------------------------

--
-- テーブルの構造 `reviews`
--

CREATE TABLE `reviews` (
  `id` bigint(20) UNSIGNED NOT NULL,
  `product_id` int(10) UNSIGNED NOT NULL,
  `customer` varchar(255) COLLATE utf8mb4_unicode_ci NOT NULL,
  `review` text COLLATE utf8mb4_unicode_ci NOT NULL,
  `star` int(11) NOT NULL,
  `created_at` timestamp NULL DEFAULT NULL,
  `updated_at` timestamp NULL DEFAULT NULL
) ENGINE=InnoDB DEFAULT CHARSET=utf8mb4 COLLATE=utf8mb4_unicode_ci;

--
-- テーブルのデータのダンプ `reviews`
--

INSERT INTO `reviews` (`id`, `product_id`, `customer`, `review`, `star`, `created_at`, `updated_at`) VALUES
(1, 6, 'Mr. Kiley Klocko PhD', 'Sit ea ipsum aut debitis dolor. Tenetur ipsam voluptatem fuga saepe delectus. Non quisquam alias sit et quod dolorem. Velit laboriosam molestiae et.', 3, '2022-04-16 22:11:11', '2022-04-16 22:11:11'),
(2, 35, 'Keanu Bosco', 'Voluptatem impedit sapiente harum odio voluptas reiciendis eos. Incidunt quasi neque dolores nulla fugit ipsa. Nihil dolor minima nobis sit.', 2, '2022-04-16 22:11:11', '2022-04-16 22:11:11'),
(3, 38, 'Lexus Watsica', 'Accusamus illum similique laborum et. Quidem deserunt saepe est accusantium cumque voluptatem recusandae eaque. Qui modi nihil qui nihil.', 0, '2022-04-16 22:11:11', '2022-04-16 22:11:11'),
(4, 22, 'Tyrel Carroll', 'Recusandae ducimus iste magnam id in omnis. Neque rerum sunt nemo maiores eaque eius autem. Voluptatem et iusto quasi laudantium magnam aliquid. Sed nobis rerum voluptas voluptas eveniet aspernatur dolorem.', 3, '2022-04-16 22:11:11', '2022-04-16 22:11:11'),
(5, 12, 'Alek Collier', 'Dolores modi labore voluptatem omnis. Voluptatibus aut iste voluptatem aut. Sint tenetur dolores quasi assumenda qui est qui sunt.', 2, '2022-04-16 22:11:11', '2022-04-16 22:11:11'),
(6, 16, 'Carmen McClure', 'Accusantium assumenda doloremque ex. Doloribus rem et modi minima officia earum dolorem. Laudantium perferendis vitae totam distinctio magni incidunt tenetur.', 2, '2022-04-16 22:11:11', '2022-04-16 22:11:11'),
(7, 36, 'Prof. Estella Huel', 'Qui voluptas quae qui. Ut sunt similique et eum id amet. Sint saepe ipsam enim officia eveniet. Quibusdam nulla et qui itaque illo quia.', 5, '2022-04-16 22:11:11', '2022-04-16 22:11:11'),
(8, 13, 'Dorothea Halvorson', 'Corporis dignissimos culpa consequuntur nobis. Ut et rem ut a sunt. Nihil provident ab non molestiae nulla. Laborum qui omnis maxime et officia vel.', 3, '2022-04-16 22:11:11', '2022-04-16 22:11:11'),
(9, 16, 'Dr. Lindsey Turcotte', 'Est facere corrupti quaerat sed quis. Quibusdam vel numquam temporibus nam. Nihil qui eveniet quisquam fuga nobis aut. Et nesciunt et quos a adipisci.', 2, '2022-04-16 22:11:11', '2022-04-16 22:11:11'),
(10, 42, 'Blanca Howe Sr.', 'Rerum vitae est facilis vero maiores quo iusto. Aperiam laborum quam eius ut delectus non.', 2, '2022-04-16 22:11:11', '2022-04-16 22:11:11'),
(11, 11, 'Pietro Block', 'At aut natus voluptate voluptates sed delectus nisi. Libero voluptatum et nisi fugiat. Vero aspernatur repellat quas amet vero amet.', 1, '2022-04-16 22:11:11', '2022-04-16 22:11:11'),
(12, 17, 'Mozell Grady', 'Quos cum non qui eos sint praesentium nihil. Dicta a illo pariatur. Ad iusto tempore fuga impedit ducimus incidunt. Recusandae officia incidunt aut autem.', 1, '2022-04-16 22:11:11', '2022-04-16 22:11:11'),
(13, 12, 'Heather Reynolds', 'Officiis veritatis ut odio reprehenderit ut. Labore libero autem porro quia totam qui sed. Perferendis excepturi nisi aut rerum. Nihil possimus eius tempore iste necessitatibus consequatur.', 1, '2022-04-16 22:11:11', '2022-04-16 22:11:11'),
(14, 41, 'Miss Amie Stracke', 'Animi et laboriosam incidunt impedit sapiente voluptas. Aut in quisquam dolorem dolore sunt sit. Placeat aut voluptate debitis expedita et nulla temporibus.', 1, '2022-04-16 22:11:11', '2022-04-16 22:11:11'),
(15, 42, 'Ian Abernathy IV', 'Sed vitae qui reiciendis exercitationem. Rerum nihil quam veniam ut. Tempore libero ad debitis libero.', 1, '2022-04-16 22:11:11', '2022-04-16 22:11:11'),
(16, 20, 'Eveline Veum', 'Nam porro necessitatibus modi ea. Eum enim a sed nulla nisi. Quidem sit totam modi dolor nesciunt. Reprehenderit suscipit est est eum aperiam.', 2, '2022-04-16 22:11:11', '2022-04-16 22:11:11'),
(17, 31, 'Melany Raynor', 'Iste at totam illo veniam. Accusantium quae beatae exercitationem natus. Consequatur illum et optio expedita.', 5, '2022-04-16 22:11:11', '2022-04-16 22:11:11'),
(18, 41, 'Prof. Kristofer O\'Connell DVM', 'Aut fugiat magni non ut vel consectetur amet ea. Optio itaque et omnis quia. Doloremque aliquid harum velit recusandae.', 0, '2022-04-16 22:11:11', '2022-04-16 22:11:11'),
(19, 22, 'Mrs. Shaina Kemmer', 'Sapiente eveniet voluptate doloribus sed. Aut neque id asperiores voluptatum quo ut similique. Minus veritatis voluptas delectus ut.', 1, '2022-04-16 22:11:11', '2022-04-16 22:11:11'),
(20, 49, 'Tia Kovacek', 'Fugit eum in qui repellendus quam temporibus. Possimus eaque aspernatur ducimus inventore aliquid necessitatibus omnis. Quasi ea et occaecati occaecati.', 3, '2022-04-16 22:11:11', '2022-04-16 22:11:11'),
(21, 32, 'Dr. Mollie Spencer', 'Suscipit laudantium eum doloremque. Eum eveniet illum dicta delectus adipisci occaecati. Quasi sit ut atque eos blanditiis quia non.', 1, '2022-04-16 22:11:11', '2022-04-16 22:11:11'),
(22, 41, 'Alisa Rolfson', 'Qui nostrum aut consequatur eaque. Provident non libero pariatur similique.', 2, '2022-04-16 22:11:11', '2022-04-16 22:11:11'),
(23, 30, 'Prof. Maribel Dickens DVM', 'Temporibus tempore eum vitae doloribus. Delectus ratione inventore aliquam. Veritatis neque eum porro est consequatur eligendi. Sit cupiditate hic dolores deleniti dolorem.', 5, '2022-04-16 22:11:11', '2022-04-16 22:11:11'),
(24, 8, 'Dr. Antonetta Upton Jr.', 'Commodi tempore sit quaerat quod ea id. Totam temporibus harum nobis quae vero. Facilis voluptatum rem asperiores eius quos consequatur. Quibusdam cupiditate assumenda in. Sapiente enim aut adipisci qui dolor aut.', 1, '2022-04-16 22:11:11', '2022-04-16 22:11:11'),
(25, 16, 'Mike Conn', 'Quod hic et reprehenderit molestiae nihil blanditiis mollitia asperiores. Eum perferendis architecto pariatur facilis. Enim id ut voluptatem aperiam.', 2, '2022-04-16 22:11:11', '2022-04-16 22:11:11'),
(26, 48, 'Prof. Kyla Moore', 'Illum eveniet iusto doloribus quos. Mollitia dolores dicta porro. Odio deserunt quia non sint quisquam animi. Amet iste qui laboriosam nihil in.', 2, '2022-04-16 22:11:11', '2022-04-16 22:11:11'),
(27, 25, 'Robb Roberts', 'Libero et voluptatem voluptatem doloremque porro quas neque. Et consequatur quaerat velit ullam voluptatem fugit commodi. Voluptas est qui quia cupiditate illum eum est.', 0, '2022-04-16 22:11:11', '2022-04-16 22:11:11'),
(28, 34, 'Evangeline Reinger IV', 'Molestiae aut amet aspernatur repellat ad et et. Quasi excepturi quo autem omnis fuga error et et. Recusandae nihil occaecati consequatur nisi est qui.', 2, '2022-04-16 22:11:11', '2022-04-16 22:11:11'),
(29, 19, 'Freddy Thompson', 'Tenetur sed est voluptatem deleniti omnis. Dolor labore hic voluptate sequi est similique. Facilis vel non quasi quia blanditiis unde eveniet.', 2, '2022-04-16 22:11:11', '2022-04-16 22:11:11'),
(30, 36, 'Kathryn Schamberger', 'Natus ipsa neque voluptatum aspernatur. Corrupti iste molestias qui eos fuga. Unde et et nemo debitis. Vel provident nobis qui dolorem. Impedit labore culpa ducimus velit ratione doloribus doloribus.', 3, '2022-04-16 22:11:11', '2022-04-16 22:11:11'),
(31, 18, 'Dr. Skye Larson V', 'Officia repudiandae libero consequatur provident officiis quia repellat. Voluptates labore est voluptas esse beatae at. Quidem sint quis sapiente porro inventore eos.', 2, '2022-04-16 22:11:11', '2022-04-16 22:11:11'),
(32, 27, 'Magdalena Runolfsdottir', 'Sunt rerum explicabo nihil beatae. Neque error similique excepturi. Non et enim accusamus possimus maxime. Pariatur eos cumque eum.', 3, '2022-04-16 22:11:11', '2022-04-16 22:11:11'),
(33, 16, 'Ms. Desiree Strosin II', 'Molestiae reprehenderit vel totam minus non pariatur. Et magnam exercitationem placeat deleniti quis ipsam iste dolor. Quo sit et labore. Veniam harum quia harum incidunt veritatis numquam quia nemo. Non aut enim molestias mollitia vel beatae.', 5, '2022-04-16 22:11:11', '2022-04-16 22:11:11'),
(34, 44, 'Dr. Esteban Kuhn', 'Magni et ut adipisci. Quia rerum voluptates qui accusamus. Amet molestias maxime quisquam animi aut quia.', 5, '2022-04-16 22:11:11', '2022-04-16 22:11:11'),
(35, 8, 'Dylan Bauch Sr.', 'Ea soluta ipsam aspernatur maxime ut aut omnis ut. Quia facere autem quasi ipsum. Officia quibusdam quia velit dolorem. Qui consequatur sint qui et.', 0, '2022-04-16 22:11:11', '2022-04-16 22:11:11'),
(36, 11, 'Jadon Miller', 'Nisi aut nulla qui itaque non. Non sed cumque praesentium veritatis quis qui quibusdam. Sit veniam doloribus in velit aut. Aliquam vel pariatur labore voluptate cum.', 0, '2022-04-16 22:11:11', '2022-04-16 22:11:11'),
(37, 3, 'Kyleigh Cremin PhD', 'Debitis voluptatem unde facilis nostrum error eum autem temporibus. Dolore ipsam eligendi aliquid culpa eum. Alias non cupiditate omnis. Corrupti et labore rerum vero aut.', 2, '2022-04-16 22:11:11', '2022-04-16 22:11:11'),
(38, 33, 'Nathan Altenwerth Sr.', 'Nihil quaerat ut ea. Magni aspernatur aperiam voluptatibus nemo. Error porro aliquam id voluptatibus.', 3, '2022-04-16 22:11:11', '2022-04-16 22:11:11'),
(39, 29, 'Herbert Lehner', 'Minus reiciendis animi aut et maxime. Excepturi dolorum molestiae eum at ea. Dolores est aliquam necessitatibus rerum. Corporis placeat aut quis repellat.', 5, '2022-04-16 22:11:11', '2022-04-16 22:11:11'),
(40, 18, 'Ransom Hartmann I', 'Qui optio numquam officia ipsa nulla culpa repudiandae est. Ut ipsa et quasi qui eum expedita nam.', 3, '2022-04-16 22:11:11', '2022-04-16 22:11:11'),
(41, 9, 'Bonnie Zemlak', 'Et porro dolores sit ducimus. Sint velit voluptas aut sequi repellendus est tempora impedit. Dolores doloribus autem ipsam voluptatem quis amet. Illum provident accusantium non nam ipsa ratione. Eius natus dolorem nihil voluptas qui.', 1, '2022-04-16 22:11:11', '2022-04-16 22:11:11'),
(42, 29, 'Chelsey Hansen', 'Sed qui libero autem ea. Vitae et ad consequatur vero incidunt. Pariatur suscipit qui qui illum molestias quia. Labore harum molestiae blanditiis enim.', 5, '2022-04-16 22:11:11', '2022-04-16 22:11:11'),
(43, 14, 'Kyla Dicki', 'Enim id officiis voluptatem. In sunt molestiae error omnis qui quasi nobis. Eveniet enim qui deserunt quidem id laborum libero velit.', 3, '2022-04-16 22:11:11', '2022-04-16 22:11:11'),
(44, 23, 'Madonna Simonis', 'Id nobis quo dolor dolor minima sit. Facilis rerum at autem nisi dolorem. Temporibus perferendis culpa dolor molestiae.', 3, '2022-04-16 22:11:11', '2022-04-16 22:11:11'),
(45, 24, 'Cleve Bode', 'Velit rerum eum delectus necessitatibus quod minima. Delectus laborum ratione ipsum rerum quia. Repudiandae soluta adipisci non voluptate doloribus sed. Qui et nobis amet itaque beatae qui.', 3, '2022-04-16 22:11:11', '2022-04-16 22:11:11'),
(46, 23, 'Nichole Predovic III', 'Ut quis et nisi officiis sint labore velit. Iste totam vel atque sit ad at suscipit quia. Nihil ducimus eos laudantium illum.', 2, '2022-04-16 22:11:11', '2022-04-16 22:11:11'),
(47, 29, 'Jordane Orn', 'Placeat et eos repudiandae. Rerum qui dolores eos repellat. Architecto eos nihil eos et.', 3, '2022-04-16 22:11:11', '2022-04-16 22:11:11'),
(48, 28, 'Flossie Kilback', 'Ut sed nihil veritatis non officia optio esse. Rerum accusamus animi saepe ratione sed. Cumque ipsam repudiandae suscipit quae autem consequatur id.', 3, '2022-04-16 22:11:11', '2022-04-16 22:11:11'),
(49, 2, 'Lambert Schumm', 'Exercitationem laborum excepturi distinctio cum aut. Officiis repellat quos illo nostrum esse quas. Quae et velit voluptas omnis ea repudiandae voluptatem.', 0, '2022-04-16 22:11:11', '2022-04-16 22:11:11'),
(50, 36, 'Jaida Krajcik', 'Quidem et provident quasi sapiente. Eos eius cupiditate accusamus quasi aut. Error fugit similique corrupti facilis. Distinctio quis laboriosam blanditiis aut.', 4, '2022-04-16 22:11:11', '2022-04-16 22:11:11'),
(51, 46, 'Estella Cummerata', 'Necessitatibus laborum accusamus eligendi blanditiis voluptatum nobis maiores. Est temporibus ut ipsa tenetur accusamus fugiat asperiores. Est sunt commodi nemo enim.', 4, '2022-04-16 22:11:11', '2022-04-16 22:11:11'),
(52, 21, 'Meta Crist V', 'Ut sequi dolor quia eos eaque non assumenda animi. Ipsum est ratione ipsum eveniet voluptatem molestias sint aut.', 2, '2022-04-16 22:11:11', '2022-04-16 22:11:11'),
(53, 6, 'Janessa D\'Amore', 'Maxime quibusdam adipisci illum pariatur labore id sint provident. Earum voluptatem at maiores fugit ut sint.', 2, '2022-04-16 22:11:11', '2022-04-16 22:11:11'),
(54, 3, 'Dr. Elmo Goodwin DVM', 'Ea et et aut molestias dolores eaque. Aut aperiam in aut optio ut facilis. Quis tempora vitae reprehenderit fuga facilis. Adipisci est omnis dolorum eligendi et.', 1, '2022-04-16 22:11:11', '2022-04-16 22:11:11'),
(55, 34, 'Janelle Crona', 'Accusamus reiciendis distinctio assumenda placeat quia. Possimus quo aut eveniet et earum. Rem dolorem eligendi velit incidunt suscipit.', 4, '2022-04-16 22:11:11', '2022-04-16 22:11:11'),
(56, 27, 'Miss Noemie Kutch', 'Dolorem nam incidunt sed sed. Sequi id tempora voluptatem aut et. Ullam cumque culpa eum ipsum maiores nisi. Illum labore et velit est sunt quo quis.', 0, '2022-04-16 22:11:11', '2022-04-16 22:11:11'),
(57, 6, 'Sim McKenzie', 'Ad officiis reiciendis voluptatem voluptatibus. Molestias at quo qui dolores quibusdam sed delectus. Velit omnis et dolorum natus est sit sint itaque.', 5, '2022-04-16 22:11:11', '2022-04-16 22:11:11'),
(58, 50, 'Dr. Kaleigh Leuschke', 'Earum et nam dignissimos repellat occaecati natus. Omnis ullam in delectus minima nostrum iure qui. Quo ad et sit consequatur molestiae.', 2, '2022-04-16 22:11:11', '2022-04-16 22:11:11'),
(59, 5, 'Veronica Gottlieb', 'Labore eveniet nemo consequuntur perferendis. Velit dolorum quisquam voluptatum rem sunt. Voluptatem laborum ipsum illum harum optio et voluptatem iusto. Ab blanditiis soluta vitae totam harum eos voluptatibus.', 3, '2022-04-16 22:11:11', '2022-04-16 22:11:11'),
(60, 3, 'Kiley DuBuque', 'Assumenda voluptates ut expedita delectus. Sunt iste ut quibusdam porro quas. Ut omnis eum consequatur error harum aut. Quod animi ut eum ipsum magni quo dolorem.', 0, '2022-04-16 22:11:11', '2022-04-16 22:11:11'),
(61, 44, 'Marlene Gulgowski Sr.', 'Expedita odit qui officiis qui ut ullam cum. Et non ad sed excepturi aspernatur dolorem. Facilis impedit et veritatis similique. Illo sunt eos dolor laborum.', 3, '2022-04-16 22:11:11', '2022-04-16 22:11:11'),
(62, 45, 'Kareem Bernier PhD', 'Velit id aliquid voluptas sequi cumque. Perferendis et repudiandae officia quod esse omnis. Qui earum cum qui consequuntur molestiae. Ad atque et aut aut.', 2, '2022-04-16 22:11:11', '2022-04-16 22:11:11'),
(63, 24, 'Rahul Heidenreich DDS', 'Quae illo et molestiae amet cupiditate. Eum et aliquid magni autem doloribus ut. Molestias quia quaerat perspiciatis a maxime. Ea quo a qui.', 1, '2022-04-16 22:11:11', '2022-04-16 22:11:11'),
(64, 43, 'Kraig Hyatt DDS', 'Unde fugit eligendi eaque quos nihil atque et omnis. Aliquid odio vel praesentium ut ut atque atque. Dolor libero quam voluptatem sint quia impedit.', 4, '2022-04-16 22:11:11', '2022-04-16 22:11:11'),
(65, 37, 'Dayana Koepp', 'Aliquam animi nulla illo molestiae minima qui. Earum totam incidunt ipsum voluptatem. Ex sint fuga ipsum impedit odio qui sit quidem. Dolores hic ut asperiores esse qui aut.', 3, '2022-04-16 22:11:11', '2022-04-16 22:11:11'),
(66, 35, 'Cathryn Koch', 'Voluptate omnis a sunt et perferendis porro. Et aut consequuntur quisquam rerum accusantium. Iste ut cum est ut vitae quo.', 2, '2022-04-16 22:11:11', '2022-04-16 22:11:11'),
(67, 2, 'Margie Cartwright', 'Dolores excepturi nesciunt nisi dolor. Consequuntur repellendus ut quo id aut voluptatibus quo. Molestias autem quas molestias et. Asperiores nemo quo neque et.', 2, '2022-04-16 22:11:11', '2022-04-16 22:11:11'),
(68, 31, 'Tara Hammes', 'Repellendus modi aliquam accusantium velit incidunt mollitia. Harum voluptas inventore quo dolorem quod. Illo voluptatem temporibus fuga nihil aspernatur id non. Porro autem ratione deserunt possimus aliquid modi officiis.', 2, '2022-04-16 22:11:11', '2022-04-16 22:11:11'),
(69, 16, 'Prof. Virginie Kreiger', 'Fugiat rem nam nostrum dicta doloribus dolorum. Est sunt iste similique. Vel est ex rerum sit dolorem est et. Qui sint aliquam et mollitia.', 0, '2022-04-16 22:11:11', '2022-04-16 22:11:11'),
(70, 37, 'Claude Daugherty', 'Totam voluptatem consequuntur dolore explicabo. Inventore minus qui inventore nobis officia.', 3, '2022-04-16 22:11:11', '2022-04-16 22:11:11'),
(71, 39, 'Ms. Lupe Koss', 'Commodi dolorum id harum nulla corporis. Aut earum quisquam sed. Assumenda velit aut aperiam architecto.', 4, '2022-04-16 22:11:11', '2022-04-16 22:11:11'),
(72, 48, 'Francesca Adams II', 'Animi recusandae et aliquid nesciunt dolorum dolor neque ipsam. Assumenda rerum mollitia molestiae et. Voluptates id fuga sapiente sapiente fugit unde culpa. Sit explicabo ea rem consequatur cumque expedita.', 2, '2022-04-16 22:11:11', '2022-04-16 22:11:11'),
(73, 26, 'Stuart Walker', 'Consequuntur temporibus dicta et aut. Dolorem eveniet sunt autem labore sint animi et omnis. Fugit ratione modi animi in quis modi atque qui.', 4, '2022-04-16 22:11:11', '2022-04-16 22:11:11'),
(74, 50, 'Dr. Bernard Bergnaum III', 'Aut voluptatum et aut accusamus est exercitationem dolor aliquid. Hic totam repellat sit perferendis ab aspernatur error.', 1, '2022-04-16 22:11:11', '2022-04-16 22:11:11'),
(75, 4, 'Aron Schroeder', 'Adipisci rerum excepturi aut dicta porro autem et. Quae consectetur veritatis illum et. Ut minus non fugiat id nihil vel. Autem odit quidem qui ipsum qui iure eaque libero.', 5, '2022-04-16 22:11:11', '2022-04-16 22:11:11'),
(76, 31, 'Jaylan Bartell', 'Eum officia deserunt et voluptatem ducimus rerum praesentium. Atque alias quidem quam ut labore.', 5, '2022-04-16 22:11:11', '2022-04-16 22:11:11'),
(77, 5, 'Fermin Donnelly', 'Qui esse minima expedita id numquam debitis est. Unde animi facere iusto fugit. Magnam quaerat fugit dolor iste. Minus maiores dolorem illo odit amet odio.', 2, '2022-04-16 22:11:11', '2022-04-16 22:11:11'),
(78, 24, 'Narciso Wehner', 'Consequatur ut assumenda eveniet aliquid reiciendis in. Adipisci magni expedita illo est. Consequuntur eaque beatae dolor deleniti. Possimus odio voluptate ut atque molestias ad et sint. Ut non perspiciatis tenetur et.', 3, '2022-04-16 22:11:11', '2022-04-16 22:11:11'),
(79, 39, 'Mary Jakubowski', 'Molestiae perspiciatis est officia iure dicta ullam. Distinctio inventore aut qui sit. Eos iure tenetur sit ipsam. Quasi tempore eum nostrum amet deserunt ut.', 3, '2022-04-16 22:11:11', '2022-04-16 22:11:11'),
(80, 37, 'Prof. Rocky Wiegand Sr.', 'Amet voluptatem distinctio quo similique quidem quia. Quo earum et aliquid distinctio laborum inventore voluptatem. Rerum magnam aut voluptatem consequatur omnis ut laborum sequi.', 4, '2022-04-16 22:11:11', '2022-04-16 22:11:11'),
(81, 24, 'Prof. Emmalee Kirlin', 'Officia ut debitis natus excepturi. Qui neque ad est tempore sapiente ea veniam. Ut rerum voluptas voluptas eveniet eveniet natus.', 5, '2022-04-16 22:11:11', '2022-04-16 22:11:11'),
(82, 27, 'Arlie Nicolas', 'Neque rerum natus odit. Nemo iusto animi voluptatibus nostrum. Beatae aut assumenda officiis aliquid. Expedita non reiciendis nesciunt amet.', 3, '2022-04-16 22:11:11', '2022-04-16 22:11:11'),
(83, 47, 'Aglae Windler', 'Voluptatem doloremque distinctio et doloribus est eum fugiat. Ratione dolor magni sit accusamus. Nesciunt eos quidem vitae nostrum et.', 5, '2022-04-16 22:11:11', '2022-04-16 22:11:11'),
(84, 3, 'Tressa Rath', 'Nam hic rem illo dolore reiciendis voluptas. Ipsum unde dolores nostrum aut cupiditate dolorem sunt. Sequi nihil omnis molestias officia. Animi officiis alias ratione iure dolore.', 3, '2022-04-16 22:11:11', '2022-04-16 22:11:11'),
(85, 10, 'Amelie Wintheiser III', 'Doloribus in sit labore ea nisi quia. Est aut quidem consequatur voluptatibus repellat repudiandae nam consectetur. Dignissimos velit nulla ut atque nostrum totam officiis. Soluta omnis est error sequi saepe vitae maxime.', 0, '2022-04-16 22:11:11', '2022-04-16 22:11:11'),
(86, 20, 'Candelario Ritchie', 'Iure quod fugiat dolore dolor et. Et quaerat harum ipsam minima totam iusto sint. Sint esse et molestiae officiis aut tenetur. Maiores eum explicabo non maxime quaerat rem molestiae saepe.', 0, '2022-04-16 22:11:11', '2022-04-16 22:11:11'),
(87, 3, 'Prof. Edgardo Shanahan Sr.', 'Inventore placeat error veritatis enim est eum porro. Ea maiores nostrum laborum vero optio aliquid. Quis culpa placeat quia reiciendis nisi repellendus at eum.', 3, '2022-04-16 22:11:11', '2022-04-16 22:11:11'),
(88, 12, 'Vincenzo Schuppe', 'Qui recusandae nemo doloremque dolores. Dolorem sunt unde minus. Fugit impedit et assumenda in dignissimos sint est.', 2, '2022-04-16 22:11:11', '2022-04-16 22:11:11'),
(89, 2, 'Stacey Nicolas DVM', 'Alias et aliquam voluptatem et vel velit. Qui sunt magni dolores error. Qui eaque minus quo unde ad.', 3, '2022-04-16 22:11:11', '2022-04-16 22:11:11'),
(90, 36, 'Dr. Francisco Runolfsson', 'Dolor nihil ea libero et consectetur ad sit. Totam architecto omnis reiciendis ut voluptas. Et tempora rem mollitia repudiandae.', 4, '2022-04-16 22:11:11', '2022-04-16 22:11:11'),
(91, 41, 'Donny Beatty', 'Laudantium sint quis repellendus ut architecto magnam. Qui optio dolores quia aut. Inventore inventore omnis distinctio facere voluptatem.', 0, '2022-04-16 22:11:11', '2022-04-16 22:11:11'),
(92, 47, 'Mrs. Christina Harber', 'Sit laboriosam eius qui aut. Vel excepturi accusamus illo aut perspiciatis. Iusto quod qui sit.', 2, '2022-04-16 22:11:11', '2022-04-16 22:11:11'),
(93, 47, 'Alfonso Schneider', 'Commodi necessitatibus ut modi adipisci eaque quia. Voluptates autem earum qui voluptatum est ab quibusdam ex. Autem repellat animi vel consequuntur impedit provident.', 3, '2022-04-16 22:11:11', '2022-04-16 22:11:11'),
(94, 33, 'Jerod Trantow', 'Minima dolor temporibus veniam ut numquam ab tempora. Recusandae occaecati facere magnam at et nisi perferendis. Quas totam velit animi quibusdam culpa. Eum corrupti eaque tempore iure atque nulla magni.', 1, '2022-04-16 22:11:11', '2022-04-16 22:11:11'),
(95, 46, 'Freeman Abbott DDS', 'Alias error voluptate vero provident et non est. Et consectetur est velit et nihil recusandae. Et dolorem et omnis consequatur autem. Voluptatem vitae quia quasi dolorem.', 4, '2022-04-16 22:11:11', '2022-04-16 22:11:11'),
(96, 15, 'Mr. Rudy Weimann', 'Quia nostrum consequatur numquam molestias recusandae tempore in asperiores. Animi consectetur illo similique aut. Laborum ut voluptatum in impedit omnis magnam quidem. Praesentium numquam quis nostrum sint rerum. Facere eum ea delectus maxime ut amet voluptatem.', 3, '2022-04-16 22:11:11', '2022-04-16 22:11:11'),
(97, 16, 'Godfrey Heaney', 'Placeat officiis sint in totam incidunt possimus at. Ut voluptatum odio voluptatibus delectus.', 5, '2022-04-16 22:11:11', '2022-04-16 22:11:11'),
(98, 43, 'Prof. Zander Grimes', 'Et occaecati at qui maxime natus. Adipisci molestiae quasi unde reiciendis nulla voluptatem. Est veniam voluptas nesciunt voluptatem voluptas quaerat. Et animi doloribus quae excepturi accusamus quia earum.', 1, '2022-04-16 22:11:11', '2022-04-16 22:11:11'),
(99, 40, 'Wyatt Schimmel', 'Inventore omnis occaecati blanditiis omnis dolorem. Iure velit in et a.', 5, '2022-04-16 22:11:11', '2022-04-16 22:11:11'),
(100, 3, 'Prof. Judah Kling Sr.', 'Atque fuga sit laborum et magnam qui qui. Error quisquam quisquam delectus vel sit consectetur impedit quo. Sed fugiat sit consectetur fuga qui quo.', 3, '2022-04-16 22:11:11', '2022-04-16 22:11:11'),
(101, 29, 'Roxane Veum', 'Ut iure nam accusantium minus tempore officiis. Sed repellendus repellat dignissimos est ut animi optio. Numquam nostrum nesciunt quisquam sit quia.', 4, '2022-04-16 22:11:11', '2022-04-16 22:11:11'),
(102, 31, 'Annette Pfannerstill PhD', 'Ipsa ea aperiam natus ipsam repudiandae dicta. Reiciendis ratione nisi eligendi a laboriosam cumque voluptas minima. Corrupti placeat ut sequi non vitae hic. Fugiat est esse nulla rerum voluptatem. Commodi expedita aut magnam.', 4, '2022-04-16 22:11:11', '2022-04-16 22:11:11'),
(103, 6, 'Mrs. Fiona O\'Keefe', 'Occaecati voluptatem officia aperiam laudantium exercitationem. Repellendus quaerat voluptas neque at. Nisi deleniti voluptas asperiores nemo autem.', 0, '2022-04-16 22:11:11', '2022-04-16 22:11:11'),
(104, 29, 'Ellsworth Quitzon', 'Temporibus fugiat tenetur qui incidunt aut eos non et. Cum quos voluptatem laudantium. Vel aut blanditiis nostrum et non ut.', 0, '2022-04-16 22:11:11', '2022-04-16 22:11:11'),
(105, 8, 'Athena Stoltenberg', 'Aliquam qui velit eius exercitationem tempora aut quibusdam et. Laborum non nam esse iure enim autem est. Quis facere minus maxime ipsum quisquam et.', 5, '2022-04-16 22:11:11', '2022-04-16 22:11:11'),
(106, 8, 'Immanuel Jakubowski', 'Perspiciatis ut quaerat quia aperiam velit aut. Velit praesentium explicabo aut nihil sunt tempora. Aut dolorem nostrum quidem omnis sed provident voluptatem. Minus cumque explicabo maxime labore animi iste laudantium.', 0, '2022-04-16 22:11:11', '2022-04-16 22:11:11'),
(107, 16, 'Zola Buckridge', 'Ipsum vero voluptatem quis. Dolorem distinctio deleniti eius sequi consequatur deserunt. Quo molestiae id maiores iste quibusdam. Porro temporibus aut facere et omnis. Eligendi et ullam dolor sed velit sunt minima.', 3, '2022-04-16 22:11:11', '2022-04-16 22:11:11'),
(108, 16, 'Yoshiko Trantow DVM', 'Odio natus debitis vero voluptatibus eius eum hic. Nesciunt alias nam molestiae quasi et sint. Rerum nesciunt tenetur error quis esse ea. Voluptate distinctio quia maxime quasi in dolores.', 2, '2022-04-16 22:11:11', '2022-04-16 22:11:11'),
(109, 44, 'Hal Leuschke DDS', 'Quos error eum eum. Repellat necessitatibus dolor voluptatem ut molestias ut quia. Reiciendis laborum alias sit et dolorem aut cum.', 4, '2022-04-16 22:11:11', '2022-04-16 22:11:11'),
(110, 46, 'Janie Satterfield', 'Eligendi ut facere vel consectetur nulla voluptatem. Dolorem officiis tempore unde. Et repellendus sint natus ea quo. Nobis ea voluptas placeat temporibus pariatur rem et.', 0, '2022-04-16 22:11:11', '2022-04-16 22:11:11'),
(111, 29, 'Mrs. Lina Cummings MD', 'Ipsa omnis quis quas quas blanditiis deserunt ut quis. Eaque unde exercitationem harum excepturi ab in distinctio. Sed quis dolore velit sunt et.', 0, '2022-04-16 22:11:11', '2022-04-16 22:11:11'),
(112, 46, 'Mrs. Gladyce Mante V', 'Praesentium possimus qui cum quibusdam. Cumque omnis ipsam quis animi laboriosam aspernatur ipsam in. Ut earum laborum dignissimos eius. Ad autem soluta voluptatum eum et qui. Et ducimus accusantium dolores expedita consequuntur aut.', 0, '2022-04-16 22:11:11', '2022-04-16 22:11:11'),
(113, 40, 'Prof. Malachi Abshire', 'Deserunt repellendus eligendi autem est. Sapiente inventore nemo quia et quasi dolor. Eos error eius odit eligendi. Voluptatem illum aliquam ut necessitatibus omnis minus vitae veritatis. Vitae libero repellat minima similique voluptas vero necessitatibus corrupti.', 3, '2022-04-16 22:11:11', '2022-04-16 22:11:11'),
(114, 45, 'Layla Zemlak', 'Qui voluptatum sed pariatur consequatur ducimus vel voluptatem. Tempora saepe voluptatibus reprehenderit laudantium. Repellendus laboriosam occaecati voluptas omnis ducimus dignissimos.', 2, '2022-04-16 22:11:11', '2022-04-16 22:11:11'),
(115, 33, 'Tressie Hane', 'Illo officia odio et blanditiis voluptas. Ad incidunt aut facere sequi neque quas ut. Rerum aliquid voluptas a et libero est. Qui porro dolorem possimus tempore ut qui aut.', 5, '2022-04-16 22:11:11', '2022-04-16 22:11:11'),
(116, 33, 'Louisa Rau', 'Nobis animi in nostrum deleniti ab exercitationem. Et est impedit in enim quasi. Rem consequatur deserunt veritatis fuga. Laborum voluptas hic est ut dolores.', 3, '2022-04-16 22:11:11', '2022-04-16 22:11:11'),
(117, 43, 'Darrick Effertz', 'Ea molestiae ad sint beatae rerum molestiae quae. Aut esse libero molestiae sed beatae impedit ad. Dolores aliquid recusandae est vitae blanditiis quos ducimus.', 0, '2022-04-16 22:11:11', '2022-04-16 22:11:11'),
(118, 19, 'Everett Carter PhD', 'Distinctio nesciunt natus veniam ex deserunt maxime. Recusandae nisi cumque est. Minus enim voluptatum aut voluptate recusandae. Adipisci tempora eum veniam non.', 5, '2022-04-16 22:11:11', '2022-04-16 22:11:11'),
(119, 50, 'Claudia Wisoky', 'Totam fugit quis quam perferendis ut. Voluptas magni impedit corporis maxime ipsum dolorem. Omnis ratione sed esse doloribus fugit nam. Error consequatur autem delectus in amet et et.', 2, '2022-04-16 22:11:11', '2022-04-16 22:11:11'),
(120, 20, 'Elda Howell', 'Sed sint amet nesciunt recusandae voluptatem cum. Et suscipit quia unde et recusandae provident dolor. Adipisci sed quia quae soluta beatae debitis dicta aperiam. Sit minus quam repellat eos voluptatem.', 3, '2022-04-16 22:11:11', '2022-04-16 22:11:11'),
(121, 35, 'Dr. Kim Veum', 'Molestias voluptatum dolor ullam vitae ut quis. Laudantium rerum harum aut quo quis. Nostrum maiores ipsam molestiae qui eius non. Est quia deserunt unde fuga. At quas quia quia beatae quia.', 4, '2022-04-16 22:11:11', '2022-04-16 22:11:11'),
(122, 46, 'Clifford Weber', 'Provident ad sit ratione accusamus non. Aut vel autem quo. Minima expedita et veritatis omnis aut incidunt magni.', 2, '2022-04-16 22:11:11', '2022-04-16 22:11:11'),
(123, 22, 'London Walter', 'Itaque dolor velit quae beatae nulla quia exercitationem vel. Commodi et cum laudantium. Et id sit at fugit qui ipsa illo. Perferendis ad est et consectetur quasi perspiciatis consequatur.', 2, '2022-04-16 22:11:11', '2022-04-16 22:11:11'),
(124, 49, 'Leo Hayes', 'Et hic autem earum repellat. Nisi occaecati asperiores maxime eius quia numquam. Odio et velit eos saepe mollitia tempora officia.', 3, '2022-04-16 22:11:11', '2022-04-16 22:11:11'),
(125, 23, 'Daisy Harris', 'Sapiente aliquam iure sapiente. Distinctio quia autem in sunt et molestias.', 3, '2022-04-16 22:11:11', '2022-04-16 22:11:11'),
(126, 36, 'Salvador Renner', 'Tempora labore soluta id dolores quo iusto quia. Omnis distinctio ducimus nihil velit ullam. Laboriosam ex assumenda quasi et explicabo rerum libero.', 0, '2022-04-16 22:11:11', '2022-04-16 22:11:11'),
(127, 37, 'Rylan Ondricka', 'Facere atque odio molestiae nulla non tenetur. Et magnam quia molestias ut hic cupiditate dolorem ratione. Quo sed dignissimos velit modi. Rerum enim et ut qui magni ut.', 0, '2022-04-16 22:11:11', '2022-04-16 22:11:11'),
(128, 16, 'Dolores Hintz', 'Quod voluptatem inventore voluptas esse soluta necessitatibus. Praesentium repellendus corrupti hic et est modi. Sit sed qui dolores voluptatibus fugiat. Quis praesentium expedita fugit reprehenderit et tenetur.', 2, '2022-04-16 22:11:11', '2022-04-16 22:11:11'),
(129, 39, 'Lenna Kirlin', 'Corporis dicta labore ipsam rerum sequi. Recusandae qui et laudantium nobis temporibus dicta. Et quod ipsa qui reiciendis.', 2, '2022-04-16 22:11:11', '2022-04-16 22:11:11'),
(130, 13, 'Miss Nedra Ebert', 'Eligendi sunt repellendus nihil dolor omnis sed. In omnis occaecati quia voluptas et et. Dolor fuga sed libero porro blanditiis odit.', 0, '2022-04-16 22:11:11', '2022-04-16 22:11:11'),
(131, 6, 'Emerson Bins Sr.', 'Reprehenderit tempore vitae nisi libero. Sed officia commodi reiciendis commodi doloribus. Vel qui iusto est doloremque architecto eaque. Omnis laboriosam corporis rerum adipisci.', 3, '2022-04-16 22:11:11', '2022-04-16 22:11:11'),
(132, 26, 'Dr. Haylie Towne', 'Iusto odio nihil et suscipit. Voluptate quaerat eum nisi et iure quo recusandae vel. Voluptate unde blanditiis enim. Et esse qui tempora assumenda ut et vitae.', 4, '2022-04-16 22:11:11', '2022-04-16 22:11:11'),
(133, 27, 'Marianna Tromp', 'Ipsa deserunt perspiciatis quaerat maxime. Reprehenderit sunt provident impedit unde. Dolores velit nobis aliquam esse consequatur asperiores sit. In cupiditate facere a sint quia.', 1, '2022-04-16 22:11:11', '2022-04-16 22:11:11'),
(134, 23, 'Mrs. Alba Ruecker', 'Dolorem temporibus adipisci fugiat. Nisi aut blanditiis et sit. Illo quasi vel in odit est earum placeat.', 0, '2022-04-16 22:11:11', '2022-04-16 22:11:11'),
(135, 15, 'Sherwood Johns', 'Dicta veritatis qui nihil alias quo natus non. Consectetur est non fuga est doloremque. Maiores sunt ut incidunt deleniti omnis consequuntur est. Magni nihil facere voluptatem similique eos sed.', 1, '2022-04-16 22:11:11', '2022-04-16 22:11:11'),
(136, 49, 'Mr. Luis Becker DVM', 'Cupiditate et consequuntur aut ad. Quisquam sunt ab incidunt atque. In ut expedita laboriosam temporibus ratione tempora. Molestias maiores et voluptatem velit ratione consequatur.', 1, '2022-04-16 22:11:11', '2022-04-16 22:11:11'),
(137, 1, 'Tony Padberg', 'Nihil nesciunt laborum ducimus asperiores omnis perspiciatis. Expedita fuga qui est natus magnam temporibus facilis. Impedit molestias minima pariatur qui. Ad tenetur aut quia libero consequatur dignissimos.', 1, '2022-04-16 22:11:11', '2022-04-16 22:11:11'),
(138, 38, 'Lois Pollich', 'Omnis facilis quia fuga optio ab. Molestias autem enim in voluptas. Veritatis sint vitae omnis.', 4, '2022-04-16 22:11:11', '2022-04-16 22:11:11'),
(139, 28, 'Dr. Tyshawn Skiles IV', 'Labore in iusto ducimus sunt. Dolore qui maiores odit commodi nihil enim. Eos animi perspiciatis est sed.', 1, '2022-04-16 22:11:11', '2022-04-16 22:11:11'),
(140, 5, 'Corine Howe', 'A enim sed esse animi non. Nam eveniet consequatur et et rerum suscipit possimus. Dolores dolore voluptate laboriosam rerum.', 4, '2022-04-16 22:11:11', '2022-04-16 22:11:11'),
(141, 48, 'Stewart Ziemann', 'Animi harum autem eos commodi a et cumque. Et itaque doloribus qui ab placeat veniam consequatur nemo. Et et similique et tenetur tempore.', 1, '2022-04-16 22:11:11', '2022-04-16 22:11:11'),
(142, 31, 'Kimberly Wuckert III', 'Placeat natus rem cumque laborum in omnis. Voluptatum labore quis dolorem rerum aliquam. Id nesciunt quae qui beatae in tenetur. Qui voluptate minus error magnam voluptas aut sapiente.', 2, '2022-04-16 22:11:11', '2022-04-16 22:11:11'),
(143, 31, 'Mr. Marco Bashirian Sr.', 'Accusantium nesciunt officiis maxime beatae iste. Qui molestiae officia quasi cum quia aut provident. Porro repudiandae est odio id ut culpa explicabo.', 1, '2022-04-16 22:11:11', '2022-04-16 22:11:11'),
(144, 24, 'Abbey Emard', 'Doloribus aliquam dignissimos ratione esse. Dolorum doloribus iste ut beatae atque vero. Et eaque reiciendis ut optio rerum velit.', 5, '2022-04-16 22:11:11', '2022-04-16 22:11:11'),
(145, 13, 'Kobe Hodkiewicz', 'Expedita pariatur nihil reprehenderit optio non est velit. Quod laborum perspiciatis ut quos excepturi et nisi. Quae unde libero repudiandae ipsum laborum provident maiores quam. Sit voluptatem ipsam est molestiae nihil rerum sequi odio.', 0, '2022-04-16 22:11:11', '2022-04-16 22:11:11'),
(146, 26, 'Brenden Davis', 'Modi molestiae voluptatem et dignissimos et. Autem libero quod sed sapiente dolores et. Ex recusandae odit ipsum sint sit.', 3, '2022-04-16 22:11:11', '2022-04-16 22:11:11'),
(147, 38, 'Mikayla Weber', 'Qui repudiandae animi eligendi. Eos impedit nemo nobis modi vel. Iste vel itaque nulla soluta aut impedit id non.', 3, '2022-04-16 22:11:11', '2022-04-16 22:11:11'),
(148, 35, 'Mr. Christian Boyle', 'Consequatur qui ut dolorum et nostrum aspernatur rerum. Corporis molestias aperiam nostrum est. Necessitatibus sint eos molestiae sit voluptatum.', 2, '2022-04-16 22:11:11', '2022-04-16 22:11:11'),
(149, 33, 'Lenny Hand', 'Quas est veritatis corporis unde. Commodi autem autem eum assumenda. Architecto dicta molestias repellat reprehenderit nihil.', 3, '2022-04-16 22:11:11', '2022-04-16 22:11:11'),
(150, 12, 'Dr. Amie Hodkiewicz', 'Exercitationem ea officiis laboriosam aliquid commodi et molestias. Sunt consequatur dolore totam enim suscipit. Maiores sit dicta et illo.', 5, '2022-04-16 22:11:11', '2022-04-16 22:11:11'),
(151, 13, 'Krista Macejkovic DVM', 'Quibusdam aut esse magni. Ipsam provident tempore ut. Optio quo sint repellat sit et quas nihil.', 0, '2022-04-16 22:11:11', '2022-04-16 22:11:11'),
(152, 1, 'Mr. Zander Hintz', 'Ut dignissimos qui iure dolorum quod. Tempore odit quo quisquam voluptatem. Inventore inventore aliquid asperiores voluptates. Architecto dolores dolorem eum doloremque.', 5, '2022-04-16 22:11:11', '2022-04-16 22:11:11'),
(153, 13, 'Mr. Tommie Armstrong', 'Quae qui voluptatem maiores. Sit delectus adipisci ducimus nihil quisquam ut sunt. Repudiandae necessitatibus perferendis molestiae id quibusdam excepturi rerum provident.', 1, '2022-04-16 22:11:11', '2022-04-16 22:11:11'),
(154, 18, 'Lizeth Yundt', 'Temporibus dignissimos fugit quam et possimus laudantium. Consequuntur quisquam ipsa aut iste asperiores. Dolore dolor cum inventore non sint impedit est culpa.', 3, '2022-04-16 22:11:11', '2022-04-16 22:11:11'),
(155, 9, 'Lon Schuster PhD', 'Minima ipsa quia tempore porro sint sapiente quod. Non iste impedit consequatur a ab corporis. Quia omnis omnis totam ut ducimus.', 1, '2022-04-16 22:11:11', '2022-04-16 22:11:11'),
(156, 6, 'Isabella McClure', 'Animi omnis praesentium aliquam ipsa quibusdam. Voluptatem velit alias vel distinctio sunt voluptatem. Eaque consequuntur autem repellendus quae distinctio. Officia voluptatem nesciunt ea placeat cupiditate eveniet quos voluptatem.', 4, '2022-04-16 22:11:11', '2022-04-16 22:11:11'),
(157, 21, 'Vivien McCullough', 'Ducimus qui debitis architecto ad dignissimos. Nobis neque eius reiciendis quisquam asperiores pariatur facere.', 0, '2022-04-16 22:11:11', '2022-04-16 22:11:11'),
(158, 45, 'Keith Reinger', 'Voluptatem nobis atque dolores ducimus tempora beatae. In consequuntur expedita dolores quaerat. Ad aut asperiores qui delectus nihil iste. Eveniet voluptates exercitationem alias sit id alias.', 0, '2022-04-16 22:11:11', '2022-04-16 22:11:11'),
(159, 17, 'Valentina Gusikowski MD', 'Suscipit fugit ea officiis earum possimus qui. Rerum facilis libero aspernatur qui et unde. Dolor ullam eos sequi.', 1, '2022-04-16 22:11:11', '2022-04-16 22:11:11'),
(160, 24, 'Vickie Abshire', 'Fugiat magnam quod at doloremque. Id aut pariatur commodi rerum. Qui est sequi quas ipsa in voluptate ut excepturi.', 2, '2022-04-16 22:11:11', '2022-04-16 22:11:11'),
(161, 34, 'Ms. Araceli Batz MD', 'Eius deserunt molestiae amet atque. Itaque reiciendis quibusdam voluptatem explicabo nam. Doloremque quo eos culpa molestiae veniam id velit.', 3, '2022-04-16 22:11:11', '2022-04-16 22:11:11'),
(162, 13, 'Verlie Carter', 'Non eos et sint sit ab labore distinctio. Quis in nemo aut cupiditate nam quam. Neque eum minus aliquid quia est ab.', 0, '2022-04-16 22:11:11', '2022-04-16 22:11:11'),
(163, 15, 'Jaclyn Watsica', 'Debitis vero in facilis dolorem quae debitis ut. Est sit sint enim voluptatem. Et in qui asperiores ex quis sequi est.', 1, '2022-04-16 22:11:11', '2022-04-16 22:11:11'),
(164, 36, 'Dean Wilderman', 'Repellendus maiores incidunt culpa aspernatur. Neque nulla saepe dolor assumenda eum quaerat aut. Ab perferendis repellat itaque et odio ut consequatur.', 2, '2022-04-16 22:11:11', '2022-04-16 22:11:11'),
(165, 40, 'Olga Nikolaus', 'Sunt incidunt et iusto neque perspiciatis sed doloribus. Praesentium consequuntur sequi distinctio. Nobis molestiae suscipit nisi vitae reiciendis libero. Autem voluptas qui ut et sit unde qui. Quos quia suscipit quam consequatur et.', 0, '2022-04-16 22:11:11', '2022-04-16 22:11:11'),
(166, 6, 'Chaya Pollich', 'Et rem enim velit deserunt distinctio. Est ut qui sint. Dolores assumenda eligendi temporibus.', 0, '2022-04-16 22:11:11', '2022-04-16 22:11:11'),
(167, 25, 'Wyman Doyle', 'Alias dolorem unde numquam recusandae laboriosam quia illo. Nam pariatur perferendis pariatur sint. Et possimus est error sunt nihil. Consequatur sunt tempore vero ut similique et facere.', 0, '2022-04-16 22:11:11', '2022-04-16 22:11:11'),
(168, 27, 'Lessie Graham', 'Et aut aut consectetur labore. Fuga ut accusantium sit dolores voluptatem vero. Ea in laudantium nulla odit odit accusantium nemo. Illum tempore quos eius rem doloribus.', 2, '2022-04-16 22:11:11', '2022-04-16 22:11:11'),
(169, 39, 'Colton Ledner', 'Minima vel vel recusandae eaque. Et ut ea vitae consequuntur.', 1, '2022-04-16 22:11:11', '2022-04-16 22:11:11'),
(170, 14, 'Prof. Judah Hermann DVM', 'Non sit id distinctio impedit ut error. Incidunt reprehenderit ipsum consequatur reiciendis qui. Quia voluptatibus molestias dolor voluptatem nostrum neque ipsa.', 5, '2022-04-16 22:11:11', '2022-04-16 22:11:11'),
(171, 27, 'Gaston Ortiz IV', 'Qui laudantium saepe in est voluptas doloremque doloribus qui. Consequatur nihil dolor quo dolorum. Dolor consequatur in in praesentium itaque eum. Quo qui fuga itaque.', 1, '2022-04-16 22:11:11', '2022-04-16 22:11:11'),
(172, 31, 'Emmie Hammes', 'Et sunt dolores consequuntur et corporis ut maxime nisi. Assumenda rerum ut repellendus molestias sit exercitationem. Voluptas tenetur quia aut et et eligendi quasi qui. Hic at enim quia qui soluta officia.', 5, '2022-04-16 22:11:11', '2022-04-16 22:11:11'),
(173, 18, 'Roderick Zieme', 'Vel ut necessitatibus harum esse porro. Expedita dolorem rerum dolorem voluptate commodi eum. Corrupti ipsum ut officia. Dolore aliquam libero rem ut eum consequatur.', 2, '2022-04-16 22:11:11', '2022-04-16 22:11:11'),
(174, 45, 'Mekhi Murphy', 'Ratione voluptate harum nemo eligendi nostrum officia est consequatur. Quos minus accusantium qui ipsum inventore. Vel fugit ut non natus officia labore expedita.', 3, '2022-04-16 22:11:11', '2022-04-16 22:11:11'),
(175, 45, 'Marian Wilkinson', 'Omnis saepe accusantium sequi perspiciatis ea vel. Dignissimos eum dignissimos quam. Illum quod illum sed possimus dolores voluptatibus. Sapiente aperiam placeat ea doloremque. Sunt animi dolor est deleniti ea eligendi commodi.', 2, '2022-04-16 22:11:11', '2022-04-16 22:11:11'),
(176, 43, 'Dianna Konopelski', 'Dolore est dolorem officia vero. In ullam consectetur voluptates saepe error est. Aut dolore accusantium quis. Eum omnis voluptatem quia quae.', 0, '2022-04-16 22:11:11', '2022-04-16 22:11:11'),
(177, 20, 'Francisco Pfannerstill', 'Rerum sint est voluptatem accusamus necessitatibus dicta possimus. Sunt eius maiores sit vel quas nam. Doloribus rerum deleniti soluta iure cupiditate autem eligendi. Non ducimus quos consequatur aut sit sit.', 3, '2022-04-16 22:11:11', '2022-04-16 22:11:11'),
(178, 25, 'Mrs. Ava Schmidt', 'Ut deserunt sunt autem distinctio exercitationem. Dolorum laboriosam tenetur recusandae quam sit voluptatum quis. Voluptatem voluptatem perspiciatis et enim dolores. Animi itaque fugit quos minima qui.', 0, '2022-04-16 22:11:11', '2022-04-16 22:11:11'),
(179, 4, 'Alycia Hill', 'Quas rerum consequatur sed qui libero saepe sapiente sunt. Dolore qui veniam nihil sapiente maxime aut blanditiis. Et maxime quia dolor enim repellendus nostrum hic.', 1, '2022-04-16 22:11:11', '2022-04-16 22:11:11'),
(180, 6, 'Corene Eichmann', 'Aspernatur nemo quia architecto quas delectus dolore. Iure non perspiciatis eaque minus est voluptate. Vitae sit nihil consequatur assumenda sit suscipit non. Rerum beatae aut totam et accusamus est sit.', 1, '2022-04-16 22:11:11', '2022-04-16 22:11:11'),
(181, 37, 'Dr. Abbie Hilpert DDS', 'Porro qui animi neque temporibus. Rem dignissimos voluptatem recusandae sapiente tenetur adipisci. Perferendis aspernatur nemo exercitationem ducimus accusamus voluptatum iure. Quia veniam voluptatibus aliquam dolorem non et dignissimos debitis.', 1, '2022-04-16 22:11:11', '2022-04-16 22:11:11'),
(182, 25, 'Loren Reilly', 'Soluta totam est in vero. Assumenda quia dolorem unde voluptatibus. Magnam autem quas et facere temporibus magni. Assumenda nisi odit a est aut adipisci.', 5, '2022-04-16 22:11:11', '2022-04-16 22:11:11'),
(183, 49, 'Assunta Doyle', 'Dolorem cum facilis officia ipsa. Consectetur nobis voluptatem quidem. Aliquid dignissimos vero voluptatem est. Repellat vel quisquam eveniet consequatur praesentium ipsa. Iste quia animi ut inventore rem.', 4, '2022-04-16 22:11:11', '2022-04-16 22:11:11'),
(184, 34, 'Miss Stella Okuneva III', 'Dicta quae neque modi sint officia quod expedita maiores. Eaque eveniet dolor aut quia adipisci. Assumenda impedit aut dicta quam voluptates sit.', 0, '2022-04-16 22:11:11', '2022-04-16 22:11:11'),
(185, 27, 'Johnnie Rau', 'Nobis nemo accusamus rem explicabo eos. Sit rem enim dolorem non quaerat magnam. Accusantium aut delectus officia et voluptas excepturi officia.', 3, '2022-04-16 22:11:11', '2022-04-16 22:11:11'),
(186, 8, 'Jace Nicolas', 'Vitae cum quisquam repellendus beatae. Et et voluptas expedita consequatur. Id veniam ut sint.', 5, '2022-04-16 22:11:11', '2022-04-16 22:11:11'),
(187, 40, 'Dedrick Hudson', 'Aut maxime molestiae illum sint dolores perspiciatis omnis aut. Et voluptatem totam commodi dolore laudantium quo autem. Impedit commodi nulla voluptatem maxime accusantium ex. Et eos pariatur aspernatur enim omnis reiciendis.', 1, '2022-04-16 22:11:11', '2022-04-16 22:11:11'),
(188, 10, 'Ambrose Gislason', 'Aut veniam tempora rem nesciunt recusandae sit laborum. Porro sunt ut fuga amet in. Non rerum omnis qui nobis sit. Maiores qui qui placeat nesciunt et quidem amet iusto.', 2, '2022-04-16 22:11:11', '2022-04-16 22:11:11'),
(189, 39, 'Marley McCullough', 'Laborum quaerat illo fuga sit totam. Qui omnis laboriosam nisi doloremque. Nesciunt error totam autem a.', 0, '2022-04-16 22:11:11', '2022-04-16 22:11:11'),
(190, 31, 'Marjory Dickens DDS', 'Recusandae ut ut rerum architecto ad et sed iure. Ea repellat minus occaecati autem. Delectus corporis quidem consequatur. Facere aut officia nostrum et id voluptatibus. Dolores placeat vitae blanditiis qui nobis vel dolorum qui.', 4, '2022-04-16 22:11:11', '2022-04-16 22:11:11'),
(191, 19, 'Emmitt Fritsch', 'Similique enim et vitae aperiam officiis sunt commodi. Repudiandae est et consectetur rerum. Enim nobis debitis molestiae accusantium saepe qui. Voluptatem non enim quasi ea cupiditate provident. Dignissimos perspiciatis optio aut laborum pariatur accusamus.', 3, '2022-04-16 22:11:11', '2022-04-16 22:11:11'),
(192, 49, 'Bessie Vandervort IV', 'Neque voluptatem velit et ut quasi placeat magnam corrupti. Ea earum quis blanditiis sunt. Blanditiis provident qui modi et iure. Velit rerum debitis magni distinctio sint et perferendis.', 3, '2022-04-16 22:11:11', '2022-04-16 22:11:11'),
(193, 42, 'Glen Ledner', 'Sed provident est exercitationem voluptatibus voluptate ut similique recusandae. Vero dolores non occaecati vero eos cum aut. Harum deleniti modi nihil iste est quibusdam ullam eum.', 5, '2022-04-16 22:11:11', '2022-04-16 22:11:11'),
(194, 35, 'Bernadine Kuhlman', 'Nostrum totam dolor aut nam. Voluptatem et deleniti similique est repudiandae modi. Ullam nesciunt nostrum odit reiciendis adipisci repellat distinctio. Ad non est sunt sunt.', 3, '2022-04-16 22:11:11', '2022-04-16 22:11:11'),
(195, 38, 'Eveline Ward', 'Qui aut ut perferendis nam fugit. Blanditiis magnam asperiores fugit repudiandae.', 3, '2022-04-16 22:11:11', '2022-04-16 22:11:11'),
(196, 5, 'Tania Koelpin II', 'Vero sunt et est dolor at aut. Ea sed beatae ea mollitia unde.', 0, '2022-04-16 22:11:11', '2022-04-16 22:11:11'),
(197, 30, 'Ms. Jessika Schoen PhD', 'Dignissimos in debitis ad quia ut aperiam. Facere harum et consequatur. Aut error fugit asperiores eos dolorem. Optio cupiditate et atque ex non.', 2, '2022-04-16 22:11:11', '2022-04-16 22:11:11'),
(198, 24, 'Reba Gusikowski', 'Enim voluptatum ut eos perferendis accusantium voluptatem quos. Enim est est culpa voluptates iste. Quisquam aspernatur voluptas dolores beatae expedita.', 3, '2022-04-16 22:11:11', '2022-04-16 22:11:11'),
(199, 18, 'Carleton Skiles', 'Nemo enim officiis quod voluptas et. Vel sapiente esse praesentium. Quod est totam dicta odio asperiores.', 0, '2022-04-16 22:11:11', '2022-04-16 22:11:11'),
(200, 14, 'Tiara Reichel', 'Magni dicta reprehenderit incidunt ab architecto dolorem. Sit voluptas rerum officia eaque. Reprehenderit omnis perspiciatis consectetur. Quaerat qui quisquam non fuga amet aliquid reprehenderit.', 4, '2022-04-16 22:11:11', '2022-04-16 22:11:11'),
(201, 23, 'Fabiola Balistreri', 'Consequuntur fugiat voluptatem est distinctio sit aliquam ea numquam. Sit voluptatem ipsum consectetur ipsam eos doloribus. Amet aut qui ut dolore minima quia officia eius.', 0, '2022-04-16 22:11:11', '2022-04-16 22:11:11'),
(202, 50, 'Glen Welch V', 'Repudiandae quasi voluptatem et quia exercitationem ut commodi. Vero saepe aut nulla ut corrupti eaque commodi. Sed maxime officiis odio quasi. Consequuntur harum sed distinctio expedita ut velit. Culpa consequuntur ea beatae in sunt ut consectetur.', 0, '2022-04-16 22:11:11', '2022-04-16 22:11:11'),
(203, 17, 'Maybell Streich DVM', 'Velit rerum voluptate non autem expedita nihil necessitatibus. Est molestiae est eligendi impedit. Enim sed ut et autem voluptas in nesciunt.', 5, '2022-04-16 22:11:11', '2022-04-16 22:11:11'),
(204, 9, 'Prof. Ransom Maggio Jr.', 'Sed corporis sint reprehenderit et neque. Occaecati maxime minus quidem nam quia eos quae. Voluptatibus doloribus nesciunt impedit maiores. Esse vitae aspernatur ut voluptatibus vero sit. Rem quibusdam voluptas qui mollitia.', 1, '2022-04-16 22:11:11', '2022-04-16 22:11:11'),
(205, 45, 'Greta Rath', 'Ullam quam voluptatem ea assumenda labore. In ut non vitae consequuntur quasi velit. Libero autem sed voluptas officiis dolor. Dolore nostrum et aperiam enim incidunt voluptatem. Cupiditate sapiente laboriosam quo cumque.', 0, '2022-04-16 22:11:11', '2022-04-16 22:11:11'),
(206, 47, 'Alda Green', 'Aliquam vero enim minima dolores ut aliquam repudiandae. Deserunt libero dicta aut earum modi. Ipsam sit voluptas rem voluptatem.', 3, '2022-04-16 22:11:11', '2022-04-16 22:11:11'),
(207, 4, 'Milan Feest', 'Est non corrupti ab vero voluptatibus nostrum. Provident enim dicta cumque eos impedit aut architecto. Qui praesentium vero culpa.', 1, '2022-04-16 22:11:11', '2022-04-16 22:11:11'),
(208, 19, 'Stanford Morissette DDS', 'Quis sapiente quia animi est et sed. Quo omnis culpa ad doloremque vel. Illo vero et doloremque dignissimos. Sunt dolor tenetur laborum consequatur non.', 5, '2022-04-16 22:11:11', '2022-04-16 22:11:11'),
(209, 3, 'Dejon Bahringer', 'Nostrum consectetur dolorem beatae qui autem. Fugiat sed rerum alias minus debitis quasi illo dolore. Odit quia perspiciatis vitae quis accusamus et. Sit tempora temporibus magnam voluptas repellat laboriosam non.', 4, '2022-04-16 22:11:11', '2022-04-16 22:11:11');
INSERT INTO `reviews` (`id`, `product_id`, `customer`, `review`, `star`, `created_at`, `updated_at`) VALUES
(210, 13, 'Prof. Salvador Baumbach IV', 'Sit perspiciatis sit alias aut ad ea. Ut perspiciatis voluptatibus commodi. Sunt soluta omnis nisi impedit ex. Unde ut quia excepturi asperiores voluptate.', 1, '2022-04-16 22:11:11', '2022-04-16 22:11:11'),
(211, 5, 'Dr. Lisandro Kautzer Sr.', 'Error excepturi qui unde ex. Quos nesciunt fuga quas aperiam omnis. Sit id quisquam ipsa dolore nobis et libero.', 0, '2022-04-16 22:11:11', '2022-04-16 22:11:11'),
(212, 15, 'Boris Ondricka II', 'Iste voluptas molestiae sed et enim eveniet sit. Voluptatem nam ullam error fugiat nihil. Quod ullam et nulla quisquam. Explicabo sunt perspiciatis velit autem quis ab quasi ipsa.', 3, '2022-04-16 22:11:11', '2022-04-16 22:11:11'),
(213, 16, 'Dr. Sanford Kub Sr.', 'Mollitia aperiam hic dolores aut et voluptate omnis. Ducimus perferendis dolores ea placeat. Id soluta rerum odio sit iste saepe. Iusto nihil nesciunt eaque veritatis.', 4, '2022-04-16 22:11:11', '2022-04-16 22:11:11'),
(214, 5, 'Monroe Torp', 'Dolorem dolorem quo saepe labore odio deserunt. Et neque numquam neque harum. Ullam nihil distinctio nam unde officiis ex.', 0, '2022-04-16 22:11:11', '2022-04-16 22:11:11'),
(215, 31, 'Wellington Gaylord', 'Velit dignissimos aspernatur placeat quibusdam rem impedit reiciendis. Laboriosam molestiae minima et delectus ut odio et minus. Officiis labore id in eius voluptates qui accusamus.', 4, '2022-04-16 22:11:11', '2022-04-16 22:11:11'),
(216, 39, 'Abdul Robel', 'Sit libero sint eos deserunt rerum qui a. Dolor sapiente sint nemo quis ad labore rerum dolor. Assumenda quod tempora quisquam cupiditate in adipisci qui.', 2, '2022-04-16 22:11:11', '2022-04-16 22:11:11'),
(217, 34, 'Linnie Kovacek', 'Odio vero totam reiciendis facilis asperiores necessitatibus voluptatem. Quia esse laborum nemo explicabo aut. Quod ex sunt autem. Voluptatibus amet est fugiat cupiditate minus.', 1, '2022-04-16 22:11:11', '2022-04-16 22:11:11'),
(218, 10, 'Antonio Ziemann Sr.', 'Pariatur et veritatis ut est occaecati. Fugiat provident soluta sunt aut voluptate. Provident perferendis voluptas ad et dignissimos corporis et. Quo nulla qui nobis non.', 3, '2022-04-16 22:11:11', '2022-04-16 22:11:11'),
(219, 32, 'Mr. Joseph O\'Connell IV', 'Sit nesciunt molestias vitae ea praesentium atque. Ipsam libero et omnis magnam dolorum voluptatem. Incidunt quam officia laboriosam distinctio velit fugiat aspernatur. Numquam omnis suscipit sed exercitationem ea facilis.', 5, '2022-04-16 22:11:11', '2022-04-16 22:11:11'),
(220, 14, 'Jolie Hodkiewicz', 'Alias quae magnam ab iste. Excepturi id architecto nesciunt et aliquid ut optio. Esse occaecati quis blanditiis magnam expedita officiis quaerat. Voluptas consequatur officia aliquid deleniti optio.', 5, '2022-04-16 22:11:11', '2022-04-16 22:11:11'),
(221, 41, 'Prof. Tristian Mraz DVM', 'Fugiat aut et neque est quod. Nulla eum laborum ea at. Totam hic quia qui et aliquid qui. Sit occaecati veritatis nesciunt eum voluptas nulla expedita ipsa. Deleniti vel exercitationem voluptas voluptas adipisci.', 1, '2022-04-16 22:11:11', '2022-04-16 22:11:11'),
(222, 31, 'Loma Roob', 'Rerum animi temporibus explicabo libero possimus. Sit dolore suscipit culpa distinctio. Minima rerum nihil qui atque. Quibusdam repellendus doloribus deserunt.', 3, '2022-04-16 22:11:11', '2022-04-16 22:11:11'),
(223, 50, 'Russel Dickens', 'Dolor repellat error reprehenderit adipisci et. Ad voluptatem placeat tempora aut facilis modi expedita. Ipsum dolores reiciendis et consequuntur voluptatem.', 2, '2022-04-16 22:11:11', '2022-04-16 22:11:11'),
(224, 5, 'Mrs. Aylin Boyle', 'Exercitationem et pariatur velit veniam sint aut natus in. Debitis quae labore aut ut dolorum voluptatem.', 0, '2022-04-16 22:11:11', '2022-04-16 22:11:11'),
(225, 10, 'Jasmin Krajcik', 'Sint alias nulla magni beatae. Et mollitia enim sunt nostrum deserunt enim et vitae. Qui blanditiis incidunt voluptas.', 3, '2022-04-16 22:11:11', '2022-04-16 22:11:11'),
(226, 45, 'Hanna Grimes', 'Nostrum odio odio adipisci eligendi non. Eveniet omnis quia ut magnam. Deleniti tempore et id. Esse aperiam dolores rerum.', 1, '2022-04-16 22:11:11', '2022-04-16 22:11:11'),
(227, 47, 'Mrs. Josefina Morar DVM', 'Earum harum et ut ut illum qui. Consectetur et dolorem est iste dolores dolore. Eos iure est aperiam et ipsam.', 1, '2022-04-16 22:11:11', '2022-04-16 22:11:11'),
(228, 29, 'Corrine Greenfelder', 'Temporibus alias expedita nemo vel. Vero quia magnam dolor perspiciatis. Sed facilis ea veniam cupiditate quia quas. Laboriosam dolores excepturi vel necessitatibus nihil odit modi est.', 2, '2022-04-16 22:11:11', '2022-04-16 22:11:11'),
(229, 33, 'Rozella Becker PhD', 'Et qui fugiat ipsum rerum similique illo nemo ipsa. Vitae natus illo id dicta. Suscipit libero ipsa ex.', 2, '2022-04-16 22:11:11', '2022-04-16 22:11:11'),
(230, 15, 'Sydnee Daniel', 'Ipsa possimus aliquam amet ab qui aperiam quo. Qui quos aut omnis in. Blanditiis corrupti dolor ut nesciunt.', 0, '2022-04-16 22:11:12', '2022-04-16 22:11:12'),
(231, 17, 'Ila Moen', 'Exercitationem atque earum ut dolorem architecto. Optio deleniti dignissimos at voluptatem sapiente id perferendis. Hic eaque iusto voluptates est ut et doloribus sunt.', 5, '2022-04-16 22:11:12', '2022-04-16 22:11:12'),
(232, 27, 'Adalberto Donnelly', 'Possimus consequatur doloremque quas autem voluptatem consectetur. Excepturi quasi voluptate aut et magni. Alias vel esse laborum alias error. Architecto molestiae in adipisci neque qui consequatur. Id et distinctio nihil.', 3, '2022-04-16 22:11:12', '2022-04-16 22:11:12'),
(233, 29, 'Maribel Bosco', 'Et modi vel velit rerum asperiores assumenda quo magni. Quia assumenda illo eum reprehenderit tenetur totam corrupti. Quibusdam cum veritatis suscipit maiores alias rerum rerum est.', 4, '2022-04-16 22:11:12', '2022-04-16 22:11:12'),
(234, 2, 'Tracey Sauer I', 'Et numquam id vero sint. Debitis quisquam quod praesentium. Quia voluptate qui vitae provident cumque voluptatem veritatis. Nostrum tempora eos ipsam error modi sed.', 3, '2022-04-16 22:11:12', '2022-04-16 22:11:12'),
(235, 28, 'Breanne Berge', 'Velit quo sapiente libero quaerat. Temporibus voluptate quasi fugiat. Eveniet eos labore magni accusantium dolorem enim.', 4, '2022-04-16 22:11:12', '2022-04-16 22:11:12'),
(236, 9, 'Eriberto Hahn IV', 'Aut non sed enim saepe alias sunt accusamus. Nam nobis omnis sunt est distinctio aut saepe unde. Illo assumenda numquam vero reprehenderit minima nisi eum. Tempora et maiores ut iste voluptatum repellendus.', 0, '2022-04-16 22:11:12', '2022-04-16 22:11:12'),
(237, 26, 'Bernhard Hamill MD', 'Et qui provident incidunt et ut. Voluptate est ipsa cum. A reiciendis qui quia aliquid quam a fugit unde.', 2, '2022-04-16 22:11:12', '2022-04-16 22:11:12'),
(238, 7, 'Ms. Vesta Spencer', 'Eveniet voluptatem facilis dolores quae maxime vel est. Facilis repellat rerum et quidem. Tempore quibusdam quam eaque ut.', 3, '2022-04-16 22:11:12', '2022-04-16 22:11:12'),
(239, 19, 'Prof. Crystel Prohaska', 'Aspernatur in harum doloremque et voluptatibus. Et magni ut quam quo. Qui rerum reprehenderit incidunt ipsam. Beatae quam praesentium nostrum iste autem voluptas rerum.', 4, '2022-04-16 22:11:12', '2022-04-16 22:11:12'),
(240, 12, 'Miss Peggie Herzog', 'Impedit quaerat quidem animi et possimus nostrum perspiciatis. Quia repudiandae dolorem iste deserunt. Eaque doloribus incidunt excepturi vel non. Sit non molestiae et eum aspernatur voluptatem.', 3, '2022-04-16 22:11:12', '2022-04-16 22:11:12'),
(241, 19, 'Wilson Vandervort', 'Ut corporis sit architecto praesentium. Debitis quod ducimus sed officiis vel quam id. Pariatur ullam incidunt neque excepturi. Eligendi ipsam atque omnis sed et aut aperiam cum. Harum nihil quae nihil ut sit aut.', 5, '2022-04-16 22:11:12', '2022-04-16 22:11:12'),
(242, 3, 'Lorna Turcotte I', 'Doloribus soluta aliquid maxime dicta voluptate natus et. Error sequi sed quaerat doloremque in delectus. Blanditiis sunt possimus nostrum sequi tempore.', 2, '2022-04-16 22:11:12', '2022-04-16 22:11:12'),
(243, 14, 'Asha Towne', 'Cumque ut dicta laborum dolorem harum sit consequatur. Iste fugiat velit ut et aut odit sint tempora. Occaecati quia et quo molestiae ut.', 0, '2022-04-16 22:11:12', '2022-04-16 22:11:12'),
(244, 27, 'Dr. Aliyah Kirlin DDS', 'Expedita est quam vitae reiciendis enim. Voluptatum est eius est. Ipsam earum placeat facere corporis ab culpa unde. Sit rerum est eos nihil ut.', 4, '2022-04-16 22:11:12', '2022-04-16 22:11:12'),
(245, 40, 'Cathy Braun', 'Numquam quia expedita et velit consequatur velit natus. Quam recusandae sapiente voluptatem quam modi. Vel qui est quibusdam est ut voluptas. Maiores nisi necessitatibus dolore consequatur quo atque.', 0, '2022-04-16 22:11:12', '2022-04-16 22:11:12'),
(246, 31, 'Nicolas Weissnat', 'Asperiores laborum eum iste quo. Est quas ullam distinctio recusandae quia. Iste aut libero occaecati explicabo voluptatem ut eius iusto. Rerum voluptas maxime nobis dolor esse.', 3, '2022-04-16 22:11:12', '2022-04-16 22:11:12'),
(247, 28, 'Dr. Leonora Bernier', 'Architecto nihil impedit minima aut. Est officiis provident aut ea et soluta. Totam sint quibusdam voluptas laborum expedita ut non. Vel quae aut quae possimus sit. Placeat quaerat fugiat minus fuga facilis et.', 5, '2022-04-16 22:11:12', '2022-04-16 22:11:12'),
(248, 7, 'Prof. Noah Jast MD', 'Exercitationem ipsa ut atque expedita ratione reprehenderit magni. Officia illo officia deleniti temporibus. Excepturi nostrum quidem debitis ullam.', 2, '2022-04-16 22:11:12', '2022-04-16 22:11:12'),
(249, 3, 'Jo Bartell I', 'Amet mollitia dolorem et error quis ex omnis. Ipsum vitae cum recusandae explicabo est vel blanditiis. Veniam quia et voluptates qui error. Voluptatum ut et ullam aliquam quia quia voluptatum. Beatae omnis ea repudiandae qui.', 1, '2022-04-16 22:11:12', '2022-04-16 22:11:12'),
(250, 44, 'Alden Orn', 'Nulla asperiores rerum consectetur. Rem provident amet perspiciatis nisi voluptas veniam temporibus. Aut maiores quam delectus nostrum odio. Explicabo quasi et libero similique.', 4, '2022-04-16 22:11:12', '2022-04-16 22:11:12'),
(251, 9, 'Cassandra Hills', 'Nisi aut voluptatibus ut labore. Quis est neque necessitatibus labore fuga quos fuga. Voluptatem ipsa occaecati ducimus sunt illum.', 4, '2022-04-16 22:11:12', '2022-04-16 22:11:12'),
(252, 38, 'Vivienne Kerluke', 'Vel eligendi corporis et officiis. Voluptas quis voluptatibus rerum minus aspernatur id. Ut officia quidem omnis aut.', 1, '2022-04-16 22:11:12', '2022-04-16 22:11:12'),
(253, 44, 'Gudrun Torp', 'Rerum voluptas mollitia at magni modi est est. Unde dolores iste ullam temporibus saepe assumenda. Accusantium harum et vero recusandae fugiat.', 3, '2022-04-16 22:11:12', '2022-04-16 22:11:12'),
(254, 2, 'Rosalinda Bernhard DVM', 'Necessitatibus doloribus sit quis occaecati sit magni voluptatem. Odio et ipsam quaerat rerum. Nobis suscipit deserunt repellat iure omnis totam atque. Ullam aut occaecati et eius optio libero. Natus corrupti qui labore incidunt.', 0, '2022-04-16 22:11:12', '2022-04-16 22:11:12'),
(255, 22, 'Dr. Sebastian Zboncak', 'Quia maxime repellat quidem. At sit inventore eveniet perferendis sed explicabo. Eligendi eos ab laborum dignissimos non.', 2, '2022-04-16 22:11:12', '2022-04-16 22:11:12'),
(256, 1, 'Alvis Mueller', 'Rem molestias harum eum sit veniam in dolores. Ab rerum dolor sit rerum veniam omnis. Rerum minima consequatur est dicta recusandae at temporibus.', 4, '2022-04-16 22:11:12', '2022-04-16 22:11:12'),
(257, 39, 'Terry Fritsch DDS', 'Et deserunt quia praesentium quasi. Natus sed et iusto tempore earum sit architecto. Nisi hic rem ducimus sunt. Incidunt vero ut eum rem quos velit nam.', 3, '2022-04-16 22:11:12', '2022-04-16 22:11:12'),
(258, 30, 'Prof. Gonzalo Zemlak', 'Voluptas est minus est est in nam. Laborum nemo voluptates quas ipsum id dolores velit. Ex dolor quidem sunt minima.', 2, '2022-04-16 22:11:12', '2022-04-16 22:11:12'),
(259, 14, 'Sabrina D\'Amore', 'Vel ut est perspiciatis consequatur tempore eos cumque. Quis et iusto facilis velit dignissimos. Nam est at nostrum cum molestiae.', 1, '2022-04-16 22:11:12', '2022-04-16 22:11:12'),
(260, 12, 'Bobby Bayer', 'Necessitatibus fuga cumque voluptas vel quia et aut. Quidem id autem facilis natus adipisci. Tempore iste deleniti ipsa.', 2, '2022-04-16 22:11:12', '2022-04-16 22:11:12'),
(261, 49, 'Mr. Van Ritchie', 'Id nisi quia sit molestiae facere et. Modi ut consequuntur dolorem et labore corrupti non. Molestias sed et eum enim inventore.', 1, '2022-04-16 22:11:12', '2022-04-16 22:11:12'),
(262, 26, 'Larue Gibson', 'Porro rerum illum aut ad aperiam. Pariatur qui architecto consectetur id illum aut. Illo qui sequi earum officia eius odit eaque dolores. Quia sapiente autem delectus maiores culpa ipsa laborum.', 0, '2022-04-16 22:11:12', '2022-04-16 22:11:12'),
(263, 2, 'Prof. Joana Durgan III', 'Ducimus quo consectetur magni magni. Enim quos animi dolorem inventore eligendi accusantium sit tenetur. Ducimus quia recusandae veritatis molestias autem numquam. Commodi similique sit aliquam laudantium odio corrupti ut. Odit maiores pariatur quos reprehenderit aperiam quisquam omnis.', 2, '2022-04-16 22:11:12', '2022-04-16 22:11:12'),
(264, 22, 'Felicita Franecki IV', 'Soluta veniam libero dolore et ea suscipit quibusdam dolor. Debitis voluptatibus vel aut provident quia quasi velit. Sunt excepturi expedita magnam modi deserunt sed nobis.', 0, '2022-04-16 22:11:12', '2022-04-16 22:11:12'),
(265, 21, 'Prof. Vincenza Ankunding MD', 'Blanditiis laboriosam impedit sapiente. Quaerat ut reiciendis praesentium corrupti veritatis et perferendis. Totam omnis doloribus ut quod aliquid reprehenderit. Unde in non nobis.', 3, '2022-04-16 22:11:12', '2022-04-16 22:11:12'),
(266, 47, 'Lukas Wuckert', 'Aut vitae repellat eligendi laudantium. Ea earum modi et numquam sed. Aut aut possimus voluptatem doloremque qui.', 1, '2022-04-16 22:11:12', '2022-04-16 22:11:12'),
(267, 18, 'Claire Von', 'Sunt laborum ullam sequi occaecati commodi necessitatibus. Quo modi dicta ratione dolorum. Ea velit quibusdam porro ipsam vitae nisi debitis. Animi harum commodi fuga illum placeat nobis eos.', 0, '2022-04-16 22:11:12', '2022-04-16 22:11:12'),
(268, 36, 'Mrs. Mariah Hartmann', 'Rerum et hic aut et. Et qui ea non in. Nisi rerum nisi mollitia aliquid.', 4, '2022-04-16 22:11:12', '2022-04-16 22:11:12'),
(269, 5, 'Maegan Glover', 'Quam omnis quo velit eius ea saepe qui a. Error nulla voluptas eligendi voluptates vel debitis nam numquam. Sit et amet tenetur sint tenetur quia molestiae.', 3, '2022-04-16 22:11:12', '2022-04-16 22:11:12'),
(270, 25, 'Monty Swift', 'Aliquam eveniet vel similique est. Occaecati sed rem deleniti in dolorum. Minus id nihil alias est quia exercitationem.', 0, '2022-04-16 22:11:12', '2022-04-16 22:11:12'),
(271, 2, 'Mr. Grayson Simonis MD', 'Nihil non odio sapiente ipsam velit sed. Accusamus enim nemo laboriosam ipsum non qui voluptates. Omnis provident eos quasi saepe rerum et. Quo cupiditate vero ut placeat praesentium debitis. Quisquam dolores odit veniam modi.', 5, '2022-04-16 22:11:12', '2022-04-16 22:11:12'),
(272, 10, 'Dorcas Gottlieb', 'Alias rerum quas minima saepe sit. In nihil qui et dolorem. Enim qui quis ullam sunt quam aut qui. Soluta commodi sequi quod quia. Sequi ut et sed veniam dolorem.', 2, '2022-04-16 22:11:12', '2022-04-16 22:11:12'),
(273, 48, 'Dr. Alexander Terry Jr.', 'Asperiores et non soluta quia voluptatem. Non sed repellendus adipisci dolorem neque nam et illum. Adipisci dignissimos numquam reprehenderit aliquam. Est id et sunt fuga et.', 5, '2022-04-16 22:11:12', '2022-04-16 22:11:12'),
(274, 6, 'Jonathon Beahan IV', 'Ut et quaerat est illum omnis ex. Architecto veritatis deserunt adipisci tempore. Nulla quaerat molestiae recusandae est sint vitae. Hic officiis laboriosam voluptas.', 1, '2022-04-16 22:11:12', '2022-04-16 22:11:12'),
(275, 22, 'Prof. Carleton Fay', 'Porro quidem fugit quas unde fugit quisquam et. Porro placeat possimus hic officia esse est. Repellat ea et aut autem voluptatem ad. Rerum incidunt omnis illo aspernatur possimus qui.', 2, '2022-04-16 22:11:12', '2022-04-16 22:11:12'),
(276, 25, 'Ms. Pamela Tremblay V', 'Ut fuga doloribus excepturi sit quos. Ut ut incidunt sint. Ut est quisquam at alias voluptas necessitatibus. Quos incidunt quia eum architecto cumque non.', 3, '2022-04-16 22:11:12', '2022-04-16 22:11:12'),
(277, 5, 'Cristian Batz', 'Delectus laborum mollitia illum repellendus illum doloribus similique voluptatem. Tenetur omnis facere porro soluta sed incidunt velit. Tenetur quidem facere ipsam corporis quod est.', 1, '2022-04-16 22:11:12', '2022-04-16 22:11:12'),
(278, 37, 'Prof. Lysanne Greenholt I', 'Corporis non architecto consequatur et. Quia illo nostrum exercitationem vitae autem dicta numquam et. Quae omnis alias consequatur aut explicabo sint ullam.', 4, '2022-04-16 22:11:12', '2022-04-16 22:11:12'),
(279, 36, 'Miss Bonita Koelpin DDS', 'Ea quo quia quidem voluptatibus cumque sed et autem. Eos modi beatae quam voluptatibus. Quibusdam maiores consequuntur quam.', 1, '2022-04-16 22:11:12', '2022-04-16 22:11:12'),
(280, 4, 'Adell Collier', 'Esse minus laborum aperiam vel. Voluptatem molestiae praesentium ipsum maxime reprehenderit eos consequuntur. Ipsa iste quas et. Facere omnis laborum dolorem doloribus ullam.', 2, '2022-04-16 22:11:12', '2022-04-16 22:11:12'),
(281, 5, 'Kristin Nitzsche', 'Facere ipsa itaque laborum labore aspernatur consequatur. Nulla debitis quod sint aut mollitia id. Hic non et et qui.', 3, '2022-04-16 22:11:12', '2022-04-16 22:11:12'),
(282, 35, 'Telly Rogahn', 'Ex aut deserunt voluptatibus molestiae quibusdam enim. Perferendis quam rerum impedit officiis. Reiciendis totam consequatur soluta asperiores illo. Molestiae nemo inventore quisquam esse autem.', 1, '2022-04-16 22:11:12', '2022-04-16 22:11:12'),
(283, 42, 'Faye Zemlak DDS', 'Ipsum nostrum qui minus. Quo ex ut voluptatum eius molestias. Aperiam ipsa aut maiores illo mollitia illum blanditiis. Mollitia facilis consequatur rerum deserunt minima aut.', 5, '2022-04-16 22:11:12', '2022-04-16 22:11:12'),
(284, 9, 'Treva Dietrich', 'Praesentium dolores in officia minus totam iste. Impedit qui sit sit animi ut quia. Voluptatem labore perspiciatis necessitatibus.', 3, '2022-04-16 22:11:12', '2022-04-16 22:11:12'),
(285, 37, 'Mr. Mathew Ebert PhD', 'Voluptatem occaecati molestiae tenetur deserunt delectus. Deleniti ex dignissimos voluptatum optio nemo asperiores. Dignissimos dicta voluptatibus exercitationem laborum alias. Deserunt pariatur odio et.', 2, '2022-04-16 22:11:12', '2022-04-16 22:11:12'),
(286, 13, 'Maximillia Howe Sr.', 'Consequuntur dolore in ut ipsa. Velit deleniti et ipsum modi. Debitis dolores facilis voluptatum aut et et.', 4, '2022-04-16 22:11:12', '2022-04-16 22:11:12'),
(287, 39, 'Mr. Stanford Paucek', 'Necessitatibus error non in magnam accusantium quos. Sapiente est provident quod debitis magnam velit mollitia. Sequi omnis architecto saepe quo voluptatem sint. Et odit rem dolores sed sint.', 2, '2022-04-16 22:11:12', '2022-04-16 22:11:12'),
(288, 34, 'Dr. Jasper Kuhic', 'Voluptatem recusandae provident sed reiciendis. Eius distinctio voluptatem ducimus id officiis veritatis quas temporibus. Velit et est voluptatibus eligendi delectus quasi sed. Harum dolorum qui qui molestias nesciunt. Reiciendis molestiae aut est consequatur atque eveniet cupiditate.', 2, '2022-04-16 22:11:12', '2022-04-16 22:11:12'),
(289, 17, 'Marc Koch V', 'Temporibus soluta officiis quo. Maiores nam qui odit sunt possimus autem. Ratione incidunt facere tempore atque molestiae fugiat nihil. Illum commodi sed eveniet recusandae.', 0, '2022-04-16 22:11:12', '2022-04-16 22:11:12'),
(290, 15, 'Domenick Bashirian', 'Et quod asperiores ut eius. Ea tempora ea sit soluta necessitatibus alias qui. Animi eaque provident odit nesciunt non sed. Impedit placeat sint autem totam cum est beatae.', 1, '2022-04-16 22:11:12', '2022-04-16 22:11:12'),
(291, 27, 'Watson Schneider', 'Minima quia velit molestiae ut labore dolorem. Ut et expedita quas tempore. Explicabo magnam consectetur quis perspiciatis.', 2, '2022-04-16 22:11:12', '2022-04-16 22:11:12'),
(292, 34, 'Dorthy Abernathy DDS', 'Ipsam voluptatem deserunt tenetur excepturi voluptatem vel. Et explicabo officia quo ut fugiat. Fugit doloribus vel velit quisquam fugiat eum impedit iste. In et ipsa totam unde magnam.', 4, '2022-04-16 22:11:12', '2022-04-16 22:11:12'),
(293, 8, 'Reta Mosciski', 'Libero saepe rem eos ducimus doloribus et est. Consequatur impedit aut sit quasi. Excepturi enim cum incidunt sunt dolores.', 3, '2022-04-16 22:11:12', '2022-04-16 22:11:12'),
(294, 33, 'Dr. Kadin Watsica DVM', 'Perferendis dolores maiores debitis et. Qui atque velit quisquam quia. Voluptas nihil perspiciatis eum porro.', 3, '2022-04-16 22:11:12', '2022-04-16 22:11:12'),
(295, 3, 'Aubrey Kshlerin', 'Voluptates ratione quia vitae quae consequuntur. Non molestias dignissimos ut ut occaecati est. Quos tempora aperiam incidunt et et sequi facilis.', 1, '2022-04-16 22:11:12', '2022-04-16 22:11:12'),
(296, 1, 'Mrs. Addison O\'Connell', 'Ipsam ipsa est dolore cumque praesentium necessitatibus odit. A veritatis provident et officiis sit voluptatem est. Voluptatibus qui dicta dolores architecto. Quia et eius occaecati ut maiores.', 3, '2022-04-16 22:11:12', '2022-04-16 22:11:12'),
(297, 14, 'Mr. Nikko Nienow Sr.', 'Corporis aut tempora consequatur sunt odit deleniti. Ut a quos aut doloribus sed natus. Quod qui dolor minima iusto et nam.', 1, '2022-04-16 22:11:12', '2022-04-16 22:11:12'),
(298, 21, 'Darlene Langworth', 'Dolores odit doloremque quas. Autem harum voluptatum possimus est. Ratione minima aut ea voluptate. Iste expedita dolor nisi eum quidem accusamus.', 5, '2022-04-16 22:11:12', '2022-04-16 22:11:12'),
(299, 6, 'Mr. Trenton Labadie', 'Perspiciatis nam non perspiciatis non quidem similique voluptatem. Praesentium et enim voluptatem autem aut qui cum. Eligendi aperiam reiciendis quo voluptatibus porro occaecati. Debitis ipsam veritatis iusto sequi saepe.', 5, '2022-04-16 22:11:12', '2022-04-16 22:11:12'),
(300, 46, 'June Hackett', 'Dolorum fugit neque rerum culpa voluptatem. Ipsum quisquam minima rerum et. Exercitationem doloribus dignissimos placeat. Illum non voluptatem ea quibusdam aspernatur sunt et.', 0, '2022-04-16 22:11:12', '2022-04-16 22:11:12');

-- --------------------------------------------------------

--
-- テーブルの構造 `users`
--

CREATE TABLE `users` (
  `id` bigint(20) UNSIGNED NOT NULL,
  `name` varchar(255) COLLATE utf8mb4_unicode_ci NOT NULL,
  `email` varchar(255) COLLATE utf8mb4_unicode_ci NOT NULL,
  `email_verified_at` timestamp NULL DEFAULT NULL,
  `password` varchar(255) COLLATE utf8mb4_unicode_ci NOT NULL,
  `remember_token` varchar(100) COLLATE utf8mb4_unicode_ci DEFAULT NULL,
  `created_at` timestamp NULL DEFAULT NULL,
  `updated_at` timestamp NULL DEFAULT NULL
) ENGINE=InnoDB DEFAULT CHARSET=utf8mb4 COLLATE=utf8mb4_unicode_ci;

--
-- ダンプしたテーブルのインデックス
--

--
-- テーブルのインデックス `failed_jobs`
--
ALTER TABLE `failed_jobs`
  ADD PRIMARY KEY (`id`);

--
-- テーブルのインデックス `migrations`
--
ALTER TABLE `migrations`
  ADD PRIMARY KEY (`id`);

--
-- テーブルのインデックス `password_resets`
--
ALTER TABLE `password_resets`
  ADD KEY `password_resets_email_index` (`email`);

--
-- テーブルのインデックス `products`
--
ALTER TABLE `products`
  ADD PRIMARY KEY (`id`);

--
-- テーブルのインデックス `reviews`
--
ALTER TABLE `reviews`
  ADD PRIMARY KEY (`id`);

--
-- テーブルのインデックス `users`
--
ALTER TABLE `users`
  ADD PRIMARY KEY (`id`),
  ADD UNIQUE KEY `users_email_unique` (`email`);

--
-- ダンプしたテーブルのAUTO_INCREMENT
--

--
-- テーブルのAUTO_INCREMENT `failed_jobs`
--
ALTER TABLE `failed_jobs`
  MODIFY `id` bigint(20) UNSIGNED NOT NULL AUTO_INCREMENT;

--
-- テーブルのAUTO_INCREMENT `migrations`
--
ALTER TABLE `migrations`
  MODIFY `id` int(10) UNSIGNED NOT NULL AUTO_INCREMENT, AUTO_INCREMENT=5;

--
-- テーブルのAUTO_INCREMENT `products`
--
ALTER TABLE `products`
  MODIFY `id` bigint(20) UNSIGNED NOT NULL AUTO_INCREMENT, AUTO_INCREMENT=51;

--
-- テーブルのAUTO_INCREMENT `reviews`
--
ALTER TABLE `reviews`
  MODIFY `id` bigint(20) UNSIGNED NOT NULL AUTO_INCREMENT, AUTO_INCREMENT=301;

--
-- テーブルのAUTO_INCREMENT `users`
--
ALTER TABLE `users`
  MODIFY `id` bigint(20) UNSIGNED NOT NULL AUTO_INCREMENT;
COMMIT;

/*!40101 SET CHARACTER_SET_CLIENT=@OLD_CHARACTER_SET_CLIENT */;
/*!40101 SET CHARACTER_SET_RESULTS=@OLD_CHARACTER_SET_RESULTS */;
/*!40101 SET COLLATION_CONNECTION=@OLD_COLLATION_CONNECTION */;
